Number,lat,lon,ele,time,AQI,GSR
1,51.52805288,0.004689684,3.525506292,14:15:22,70,180
2,51.52809539,0.004732341,2.946840266,14:15:25,73,180
3,51.52814727,0.004763644,3.303112311,14:15:29,72,181
4,51.52820198,0.004769013,3.556238215,14:15:33,73,183
5,51.52825727,0.004787746,2.832521387,14:15:37,78,187
6,51.52830458,0.004801847,3.137438355,14:15:41,73,188
7,51.52836462,0.004815402,3.22825997,14:15:45,74,187
8,51.52841249,0.004828084,3.500437385,14:15:48,75,186
9,51.52846205,0.004858004,3.698909693,14:15:52,76,191
10,51.52850562,0.004886433,3.827581503,14:15:56,78,187
11,51.5285583,0.004907617,4.422289719,14:16:00,83,183
12,51.52861625,0.004917459,3.852514192,14:16:04,87,182
13,51.52867574,0.004929373,3.375080371,14:16:08,90,182
14,51.52872415,0.004940501,4.930579849,14:16:11,86,180
15,51.52878255,0.004946117,4.490263853,14:16:15,82,184
16,51.52883153,0.004942531,4.583995202,14:16:20,80,184
17,51.52888031,0.004946605,5.02549082,14:16:24,79,187
18,51.52893712,0.004952538,4.656749585,14:16:28,80,191
19,51.52899539,0.004952178,5.345208719,14:16:32,85,193
20,51.5290505,0.004961565,4.508933365,14:16:36,88,198
21,51.52910416,0.004968473,4.712175525,14:16:40,90,199
22,51.52915432,0.004957615,4.630850493,14:16:44,87,196
23,51.52920433,0.004945737,3.758287971,14:16:48,88,194
24,51.52925639,0.00495492,3.599028721,14:16:54,84,194
25,51.52931103,0.004941717,3.23580067,14:16:58,81,197
26,51.52936105,0.00492983,2.963312368,14:17:02,83,201
27,51.52941417,0.004905662,4.556075386,14:17:06,87,205
28,51.52945791,0.004880575,4.35614826,14:17:10,86,210
29,51.52950675,0.004855277,4.851717471,14:17:14,89,212
30,51.52955642,0.004824526,4.139246562,14:17:19,92,210
31,51.52960907,0.004795656,3.892267729,14:17:24,87,212
32,51.52965893,0.004782914,3.468362656,14:17:28,84,217
33,51.52971067,0.004777024,2.407976402,14:17:32,80,220
34,51.52975785,0.004773603,2.756304612,14:17:36,77,219
35,51.52980843,0.004774204,3.770052247,14:17:41,74,220
36,51.52985419,0.004780958,3.717224172,14:17:50,74,217
37,51.52989882,0.004817924,3.012917308,14:17:57,74,215
38,51.52993822,0.004867333,3.10785093,14:18:00,71,213
39,51.5299744,0.004922615,3.250676044,14:18:02,76,217
40,51.53001934,0.004968672,3.089433704,14:18:04,78,221
41,51.53006235,0.005020308,3.187013631,14:18:07,77,220
42,51.53009953,0.005069715,3.494408267,14:18:13,77,223
43,51.53013347,0.005134526,3.384071079,14:18:19,81,225
44,51.53016721,0.005192869,3.978593471,14:18:23,79,225
45,51.53020664,0.005253225,3.838252435,14:18:27,75,225
46,51.5302417,0.005316198,3.714967097,14:18:31,78,222
47,51.53027617,0.005380592,3.787727146,14:18:35,73,220
48,51.53031907,0.005405733,4.199331292,14:18:48,72,219
49,51.53035797,0.005366864,4.073628996,14:19:24,70,221
50,51.53038528,0.005305388,4.480464047,14:19:48,74,221
51,51.53043043,0.005305006,3.684605247,14:20:04,76,222
52,51.53045454,0.005366813,4.385847616,14:21:43,80,218
53,51.53049516,0.005329989,4.656890285,14:23:14,84,219
54,51.5305119,0.005256962,4.968949663,14:23:19,81,216
55,51.53055747,0.005256742,4.265399056,14:24:33,76,211
56,51.5306027,0.005219198,4.680331451,14:24:47,80,211
57,51.53064997,0.005191875,4.753916884,14:24:53,83,215
58,51.53068791,0.005152587,4.962363431,14:24:57,86,211
59,51.53072303,0.005106875,4.618741772,14:25:04,87,212
60,51.53076435,0.005073358,4.154962342,14:25:10,83,217
61,51.53081024,0.005029813,4.076711295,14:25:15,88,218
62,51.53085705,0.005007914,4.427476844,14:25:20,90,223
63,51.53091083,0.005002478,4.921002307,14:25:25,91,218
64,51.53096322,0.005002943,4.503804235,14:25:30,96,219
65,51.53101748,0.004993568,4.141918229,14:25:35,101,224
66,51.5310696,0.004977032,4.029797115,14:25:40,97,220
67,51.53111804,0.004959221,4.05205164,14:25:45,94,224
68,51.53116423,0.004951994,4.691656293,14:25:50,97,223
69,51.53121252,0.004950779,4.268447408,14:25:55,98,227
70,51.531258,0.0049391,3.937293991,14:25:59,93,226
71,51.53130968,0.004923138,4.801298578,14:26:04,94,222
72,51.53135639,0.004911157,4.938227181,14:26:08,95,220
73,51.53141039,0.004894196,4.556429416,14:26:13,93,223
74,51.53145549,0.004878414,3.52137234,14:26:19,91,227
75,51.53149832,0.004854796,3.648331729,14:26:24,89,226
76,51.53154332,0.004841674,4.761442604,14:26:30,94,221
77,51.53159001,0.004806398,4.629322937,14:27:04,99,223
78,51.53162739,0.00474355,4.450067666,14:27:10,103,227
79,51.53167205,0.00471568,3.746213619,14:27:15,104,228
80,51.53171362,0.004680231,3.843235387,14:27:20,103,226
81,51.53175453,0.004643008,4.110881043,14:27:25,107,222
82,51.53179663,0.004610435,4.170124957,14:27:30,105,223
83,51.53183991,0.004569782,4.238951054,14:27:34,106,226
84,51.53188895,0.004531054,4.644726459,14:27:39,107,230
85,51.53193492,0.004513263,4.574954055,14:27:43,110,233
86,51.53198254,0.004544495,4.906242212,14:27:47,107,234
87,51.53202212,0.00459062,4.340541403,14:27:51,112,234
88,51.53205617,0.004645394,4.063311473,14:27:55,109,233
89,51.53208872,0.004719604,4.093747888,14:28:00,111,235
90,51.53212273,0.004784556,4.498550561,14:28:04,106,238
91,51.5321601,0.0048489,4.57115499,14:28:09,110,240
92,51.53219505,0.00490539,4.446834703,14:28:15,112,238
93,51.53222967,0.004969829,4.551521333,14:28:20,114,243
94,51.53225547,0.005035473,4.565630201,14:28:26,113,248
95,51.53228417,0.005100395,4.818357777,14:28:32,111,246
96,51.53231397,0.005165092,4.822633944,14:28:37,114,247
97,51.53234156,0.00523149,5.392262337,14:28:43,116,249
98,51.53237358,0.005294038,5.194350051,14:28:47,114,249
99,51.53240161,0.005355198,4.789160731,14:28:52,110,246
100,51.53242778,0.00542031,4.491023167,14:28:56,108,251
101,51.53246184,0.005483591,4.397675957,14:29:01,112,253
102,51.53249463,0.005537213,4.175868139,14:29:07,107,253
103,51.53252972,0.005591355,3.929897808,14:29:12,108,251
104,51.5325652,0.00565345,3.458944729,14:29:17,103,251
105,51.53259927,0.005705928,3.837282806,14:29:21,106,246
106,51.53263901,0.005769173,3.607329186,14:29:26,106,249
107,51.5326741,0.005819231,4.001411205,14:29:31,110,245
108,51.53271843,0.005836232,3.763139795,14:29:43,113,247
109,51.53275947,0.005792167,4.404299561,14:29:47,108,249
110,51.5328028,0.00574618,4.587176615,14:29:50,112,252
111,51.53284502,0.005710001,4.56722576,14:29:54,111,255
112,51.53284536,0.00562494,4.933355205,14:30:06,116,256
113,51.53281728,0.00556116,4.888664804,14:30:09,120,261
114,51.5327905,0.005489413,4.526595546,14:30:13,120,256
115,51.53275481,0.005426888,4.812562685,14:30:19,119,258
116,51.53271589,0.005369538,5.022265635,14:30:24,115,261
117,51.53268029,0.005307212,5.180303145,14:30:29,119,257
118,51.53265021,0.005246415,5.286824241,14:30:33,120,253
119,51.53262424,0.005185704,5.703128864,14:30:37,117,256
120,51.53259354,0.005127832,5.462321752,14:30:42,120,260
121,51.53256141,0.005058249,6.090024283,14:30:47,119,259
122,51.53253021,0.004988742,6.446210373,14:30:53,120,263
123,51.53249601,0.004922471,6.355678427,14:30:58,120,260
124,51.53246024,0.004861376,5.724611863,14:31:03,120,259
125,51.53242142,0.004803428,6.127453304,14:31:08,120,264
126,51.53239063,0.004748061,6.339597205,14:31:13,120,259
127,51.53235501,0.004688705,6.080922311,14:31:18,115,259
128,51.53232353,0.004632388,5.87557571,14:31:23,111,262
129,51.53229545,0.004572013,6.182788178,14:31:28,111,262
130,51.53226582,0.004512635,6.598229325,14:31:33,115,265
131,51.5322315,0.004444315,6.902920126,14:31:38,114,266
132,51.53220503,0.004380891,7.596992736,14:31:43,115,271
133,51.53218327,0.004315956,7.707272034,14:31:48,110,271
134,51.53216118,0.004252129,7.799842443,14:31:53,110,270
135,51.53213162,0.004182744,8.459420295,14:31:57,110,273
136,51.53210916,0.004117776,8.704425354,14:32:01,112,268
137,51.53208622,0.004041661,9.18687151,14:32:06,109,270
138,51.53206464,0.003967573,9.461838401,14:32:11,108,273
139,51.53204446,0.003887401,9.305383042,14:32:16,107,270
140,51.53201831,0.00381603,9.041516548,14:32:21,103,271
141,51.53198644,0.003744844,9.217399994,14:32:26,103,276
142,51.53195534,0.003673301,8.602179894,14:32:31,99,277
143,51.53192645,0.003607458,8.311122244,14:32:37,98,278
144,51.53189363,0.003529801,7.181166478,14:32:42,99,280
145,51.53186637,0.003464565,6.8063394,14:32:47,104,277
146,51.53183599,0.003399552,6.354458796,14:32:52,107,274
147,51.53180698,0.003338532,5.773651648,14:32:57,103,270
148,51.53178382,0.003265671,6.42489189,14:33:02,104,270
149,51.53176595,0.003193667,6.635801686,14:33:07,101,272
150,51.53175175,0.003121076,6.481300153,14:33:11,101,271
151,51.53174172,0.003048071,6.530471679,14:33:15,103,272
152,51.53173055,0.002969003,6.934739592,14:33:19,107,277
153,51.531709,0.002903125,6.972763259,14:33:23,112,274
154,51.5316871,0.002830571,6.934892833,14:33:28,109,274
155,51.53165526,0.002755379,6.83530505,14:33:33,104,274
156,51.531634,0.002672577,6.346391764,14:33:39,100,271
157,51.53160542,0.002603654,5.883303913,14:33:45,102,266
158,51.53155537,0.002595,5.336860394,14:33:52,106,263
159,51.53151077,0.002608009,5.201428171,14:33:57,103,267
160,51.53146332,0.00261033,6.081570981,14:34:02,98,270
161,51.53141249,0.002633211,5.223309129,14:34:09,102,275
162,51.53136014,0.002634321,5.731340565,14:34:13,99,277
163,51.5313073,0.002642103,5.706755635,14:34:18,102,278
164,51.53126073,0.002664928,6.04631873,14:34:23,98,273
165,51.5312145,0.002680564,6.453455674,14:34:27,95,275
166,51.53116421,0.002687741,6.42257778,14:34:31,99,276
167,51.53111579,0.002683868,6.438089306,14:34:36,97,276
168,51.53106731,0.002686806,6.337672139,14:34:40,93,277
169,51.53101502,0.002679833,6.345412141,14:34:44,88,272
170,51.5309692,0.002687064,6.876969579,14:34:48,92,275
171,51.53092224,0.00270058,6.689647615,14:34:52,95,279
172,51.53087293,0.002713761,6.917111529,14:34:57,92,280
173,51.53082464,0.00272429,6.761002411,14:35:02,90,277
174,51.5307773,0.002742293,6.881002926,14:35:07,91,280
175,51.53072505,0.002752225,7.107500319,14:35:12,95,280
176,51.53067824,0.002758849,7.697272578,14:35:17,95,279
177,51.53062534,0.002766458,7.882108745,14:35:23,95,280
178,51.53058036,0.002781532,7.997534299,14:35:28,92,279
179,51.5305311,0.002797033,8.375396281,14:35:34,88,280
180,51.53048623,0.002808747,9.131557267,14:35:39,86,280
181,51.53044041,0.002824394,9.712701892,14:35:44,84,277
182,51.53039298,0.002825804,9.321726932,14:35:49,86,277
183,51.53034204,0.002837709,8.969234877,14:35:54,89,280
184,51.53033187,0.002761675,8.721077807,14:36:12,84,280
185,51.53035349,0.00269112,9.094031141,14:36:16,87,280
186,51.53036199,0.002612553,8.424559327,14:36:21,90,280
187,51.53037156,0.002541807,8.702972637,14:36:25,90,279
188,51.53038939,0.002460644,8.733542885,14:36:30,95,277
189,51.53040264,0.002390826,8.788885435,14:36:34,91,275
190,51.53042227,0.002315574,9.400530295,14:36:39,94,275
191,51.53044301,0.00223901,9.88702529,14:36:44,91,275
192,51.53046006,0.002156972,9.454104905,14:36:49,92,275
193,51.5304758,0.002078124,9.149742275,14:36:54,89,270
194,51.53048781,0.002003751,9.597479115,14:36:58,91,270
195,51.53048913,0.001927556,10.52183256,14:37:02,87,265
196,51.5305012,0.001851491,10.07121868,14:37:07,82,269
197,51.53052519,0.001775616,9.822894032,14:37:12,78,272
198,51.53054354,0.001707053,9.829609012,14:37:17,79,273
199,51.53057058,0.001635666,9.583938305,14:37:22,80,278
200,51.53059263,0.001568094,8.957255006,14:37:27,83,274
201,51.53061513,0.001501458,9.197135321,14:37:31,78,272
202,51.53063478,0.001432111,8.26151017,14:37:36,77,269
203,51.53064829,0.001362827,8.705255996,14:37:40,73,267
204,51.53065577,0.001286758,6.701135709,14:37:44,71,263
205,51.53064053,0.00121576,6.639721919,14:37:53,75,268
206,51.53063134,0.001134062,6.606105954,14:38:01,72,265
207,51.53063539,0.001061407,6.320284711,14:38:35,71,265
208,51.53064988,0.000978449,5.92475459,14:38:44,73,261
209,51.53066546,0.000909006,6.374730845,14:38:49,77,260
210,51.53069265,0.000834641,6.81189709,14:38:55,75,264
211,51.53072427,0.00078146,6.686527623,14:38:59,70,263
212,51.53074587,0.000701385,7.428340836,14:39:04,70,262
213,51.53076692,0.000623574,7.528086653,14:39:09,70,262
214,51.53078265,0.000539396,7.358527297,14:39:14,71,265
215,51.53077609,0.000464215,6.640161396,14:39:19,71,270
216,51.53075305,0.000390614,5.461805945,14:39:25,73,265
217,51.53071939,0.000335296,6.779571615,14:39:30,77,267
218,51.53067404,0.000309769,6.978583847,14:39:35,80,262
219,51.53063013,0.000278822,7.222639117,14:39:40,78,263
220,51.53058138,0.000244941,8.061343381,14:39:45,75,267
221,51.53053091,0.000213492,7.534485543,14:39:56,78,268
222,51.53048603,0.000180964,8.309125908,14:40:00,74,271
223,51.53043983,0.00014417,8.039107913,14:40:05,71,268
224,51.53039395,0.00011204,7.562142079,14:40:10,70,266
225,51.53034418,8.24431E-05,7.492172332,14:40:15,74,270
226,51.53029338,6.08811E-05,7.981173392,14:40:20,78,270
227,51.53024332,3.2107E-05,8.207730165,14:40:25,74,274
228,51.53019379,4.77829E-06,7.262897429,14:40:36,75,271
229,51.53014459,-2.43E-05,7.413614603,14:40:41,70,266
230,51.53009912,-6.49E-05,6.742978242,14:40:46,70,264
231,51.53005863,-0.000100457,6.915217108,14:40:50,70,269
232,51.53001689,-0.000134077,7.500309358,14:40:54,75,269
233,51.52996649,-0.000156799,6.756190392,14:40:59,70,266
234,51.52991462,-0.000186988,6.483830186,14:41:04,70,264
235,51.52986639,-0.000213219,6.135007281,14:41:09,70,267
236,51.52981496,-0.000248139,7.104628372,14:41:14,74,265
237,51.5297718,-0.00027456,7.33083792,14:41:18,71,262
238,51.52972812,-0.000308212,7.331296735,14:41:23,76,262
239,51.52968289,-0.000346061,6.7744612,14:41:33,73,262
240,51.52972047,-0.000304416,8.627679089,14:41:57,70,259
241,51.52974984,-0.000243815,7.554005683,14:42:03,75,261
242,51.52974445,-0.000170665,6.49443049,14:42:18,77,263
243,51.5297086,-0.000112561,5.782873047,14:42:25,82,265
244,51.52965839,-8.91E-05,5.813848724,14:42:31,84,269
245,51.52961828,-0.000141628,5.455607524,14:42:36,85,272
246,51.52957701,-0.000181753,5.180573932,14:42:41,85,268
247,51.52953243,-0.000229756,4.971820067,14:42:47,80,270
248,51.52949731,-0.000288101,5.915766224,14:42:52,80,270
249,51.52946111,-0.000335983,5.449352552,14:42:56,78,265
250,51.52942161,-0.000401994,4.616130716,14:43:00,79,269
251,51.52937949,-0.000443633,4.678651527,14:43:05,83,273
252,51.5293361,-0.000463186,4.827088295,14:43:10,79,273
253,51.52929291,-0.000489071,4.705158986,14:43:14,75,274
254,51.52924565,-0.000496873,4.059804718,14:43:20,76,273
255,51.52919262,-0.000501231,4.222702302,14:43:25,78,271
256,51.52914491,-0.000496501,4.962968065,14:43:29,82,268
257,51.52909999,-0.000512464,5.448363826,14:43:33,86,265
258,51.5290472,-0.000543297,5.581746195,14:43:39,89,269
259,51.5290068,-0.000590891,4.775913485,14:43:45,94,272
260,51.52896393,-0.000613966,5.281811268,14:43:49,93,269
261,51.52891843,-0.000655331,4.803203419,14:43:56,93,268
262,51.52888011,-0.000694337,4.696818639,14:43:59,90,263
263,51.52883563,-0.00071922,4.00169311,14:44:04,88,264
264,51.52878991,-0.000766487,4.25606226,14:44:09,90,268
265,51.52874877,-0.000818773,4.250142111,14:44:14,86,264
266,51.52870564,-0.00087836,4.476208658,14:44:19,90,268
267,51.52866431,-0.000922335,4.192423656,14:44:22,88,265
268,51.52863314,-0.000979185,4.419853934,14:44:29,89,268
269,51.52857131,-0.001021423,4.538809625,14:44:35,90,266
270,51.52852438,-0.001066883,4.92832127,14:44:39,87,270
271,51.52847522,-0.0010983,5.184846045,14:44:45,92,269
272,51.52843094,-0.001133755,4.544942148,14:44:50,91,266
273,51.52838825,-0.001171362,4.841553994,14:44:53,92,267
274,51.52833507,-0.001230077,4.982097002,14:44:59,87,268
275,51.52828546,-0.001276314,5.257703783,14:45:03,89,265
276,51.5282417,-0.001332681,5.190530935,14:45:10,87,266
277,51.52818798,-0.001377633,5.994489957,14:45:15,88,264
278,51.52814615,-0.001407401,5.84066956,14:45:19,93,265
279,51.52811336,-0.001458233,5.928922444,14:45:23,88,270
280,51.52807536,-0.001498522,5.077291758,14:45:28,86,270
281,51.52803609,-0.001536067,5.40945587,14:45:32,85,272
282,51.52799753,-0.001581079,5.253881305,14:45:36,83,277
283,51.52795392,-0.001627249,4.607752122,14:45:48,85,279
284,51.52791109,-0.001675962,5.169220268,14:45:53,86,280
285,51.52787997,-0.00174449,5.600923726,14:45:58,90,280
286,51.52783963,-0.001805911,5.198271149,14:46:03,91,275
287,51.52779675,-0.001853271,5.35615594,14:46:08,94,277
288,51.52775276,-0.001894973,5.671648078,14:46:13,97,279
289,51.52770609,-0.001923236,5.600246669,14:46:16,102,276
290,51.5276642,-0.001954692,5.984000869,14:46:21,98,273
291,51.52761925,-0.001994123,6.14461292,14:46:26,98,276
292,51.52757969,-0.00204427,5.318558137,14:46:32,97,278
293,51.52754351,-0.002091133,5.620621894,14:46:39,95,280
294,51.52750426,-0.002127727,5.712564895,14:46:44,95,280
295,51.52745644,-0.002137488,4.950987252,14:46:50,91,280
296,51.52740344,-0.002128895,5.25900144,14:46:54,91,280
297,51.52735736,-0.00214875,5.123518014,14:46:59,95,280
298,51.52731671,-0.002205446,5.094432035,14:47:04,91,280
299,51.52727702,-0.002268455,5.0917626,14:47:10,94,275
300,51.52724062,-0.002319863,4.987104703,14:47:15,92,275
301,51.52721484,-0.002388773,5.540138531,14:47:20,92,273
302,51.52721257,-0.002462358,4.696225542,14:47:24,91,274
303,51.52719327,-0.002543347,4.440509268,14:48:07,94,270
304,51.52717819,-0.002631212,4.739820233,14:48:10,94,272
305,51.52716343,-0.002701972,4.509764723,14:48:16,97,269
306,51.52713787,-0.002762315,4.423066236,14:48:26,96,273
307,51.52713193,-0.002843994,4.423190062,14:48:44,98,274
308,51.52710523,-0.00291861,4.076042285,14:48:52,103,275
309,51.52706939,-0.002977093,4.221140801,14:48:57,106,270
310,51.527051,-0.00304878,4.091977075,14:49:02,105,275
311,51.52704587,-0.003134974,4.023133282,14:49:07,100,280
312,51.52702812,-0.003205187,3.716507291,14:49:14,105,280
313,51.52701342,-0.003289459,3.74059359,14:49:18,107,279
314,51.52698088,-0.003355322,3.573102329,14:49:24,109,275
315,51.52697375,-0.003440798,3.86333671,14:49:30,113,277
316,51.52697507,-0.00351384,4.252736499,14:49:34,114,280
317,51.52699963,-0.003591844,4.275283078,14:49:39,112,277
318,51.52702315,-0.00366728,4.477470962,14:49:47,112,278
319,51.52706701,-0.003711827,4.249063162,14:49:52,109,280
320,51.52711876,-0.003712584,5.22651255,14:49:58,106,279
321,51.52716254,-0.003666458,6.186869105,14:50:03,109,280
322,51.5272076,-0.003654062,6.044524226,14:50:08,104,280
323,51.52725347,-0.003666254,6.25055876,14:50:13,106,275
324,51.52730522,-0.003689502,6.437454083,14:50:19,102,278
325,51.5273516,-0.003710348,6.726913544,14:50:25,101,280
326,51.52739214,-0.003745113,6.525712006,14:50:30,106,279
327,51.52744079,-0.003779485,6.478961861,14:50:36,101,277
328,51.52748938,-0.003799538,5.895348097,14:50:42,99,280
329,51.52753565,-0.003798749,5.093323796,14:50:46,96,280
330,51.52758293,-0.003764996,5.486472787,14:50:51,95,279
331,51.52763192,-0.003732091,5.44085475,14:50:56,91,280
332,51.52767869,-0.003708891,5.560920191,14:51:01,87,277
333,51.52772631,-0.00369347,5.504747917,14:51:08,87,280
334,51.52777136,-0.003691352,5.751337118,14:51:13,92,278
335,51.52781634,-0.003698324,5.685049765,14:51:18,94,274
336,51.52786505,-0.003698816,5.812547233,14:51:24,92,271
337,51.52791673,-0.003693526,6.045512034,14:51:28,96,268
338,51.52796458,-0.003700184,7.106897067,14:51:33,92,266
339,51.52802153,-0.00370894,6.548658532,14:51:39,90,267
340,51.52807103,-0.003737126,6.55103252,14:51:43,91,268
341,51.52811752,-0.003763949,7.258847815,14:51:47,96,273
342,51.52816478,-0.003783505,7.497076146,14:51:51,97,270
343,51.52821878,-0.003789337,7.548227986,14:51:56,98,269
344,51.52826826,-0.003787314,7.507435814,14:52:01,103,271
345,51.52831777,-0.003790402,7.613464453,14:52:06,98,270
346,51.52837008,-0.003793801,7.05332828,14:52:12,93,272
347,51.52842094,-0.003801151,7.535550567,14:52:18,96,272
348,51.52846788,-0.00380771,7.718435976,14:52:22,96,272
349,51.52851885,-0.003804418,7.821067558,14:52:27,101,268
350,51.52856588,-0.003812893,7.825317143,14:52:32,99,265
351,51.52859673,-0.003868999,8.16268519,14:52:37,100,269
352,51.52859229,-0.003954837,7.032788594,14:52:42,102,274
353,51.52857854,-0.00403285,7.949425003,14:52:55,98,269
354,51.52858179,-0.004113156,7.066270948,14:53:00,101,274
355,51.52858538,-0.004206541,7.012568451,14:53:05,103,270
356,51.52859473,-0.004285468,6.485719707,14:53:10,108,275
357,51.52859897,-0.004377136,6.707799163,14:53:15,112,275
358,51.52859486,-0.00445592,5.980261267,14:53:20,113,280
359,51.52859817,-0.004536867,6.184265302,14:53:25,112,276
360,51.52860296,-0.004627357,6.68202184,14:53:30,115,275
361,51.52860124,-0.004711537,6.502688805,14:53:35,115,280
362,51.52860594,-0.004793303,7.155727957,14:53:41,119,279
363,51.52859578,-0.004863775,7.48307894,14:58:08,120,280
364,51.52856733,-0.004938238,7.828838086,14:58:17,117,277
365,51.52853614,-0.004997212,7.525752023,14:58:21,114,276
366,51.52850312,-0.005047639,7.716743127,14:58:24,116,273
367,51.52846623,-0.005095691,7.913880254,14:58:26,113,268
368,51.52842877,-0.00513962,7.570667573,14:58:29,112,263
369,51.52839041,-0.005193875,7.451580402,14:58:33,111,266
370,51.52835918,-0.005262258,8.086696249,14:58:38,106,263
371,51.528334,-0.005334141,8.261106605,14:58:43,106,267
372,51.52831343,-0.005407046,7.496267712,14:58:48,104,265
373,51.52829269,-0.005472867,7.817895195,14:58:52,103,267
374,51.52827808,-0.005548113,7.972280884,14:58:56,103,270
375,51.52828113,-0.005624671,6.914834539,14:59:16,101,266
376,51.52826941,-0.005696987,6.647736051,14:59:24,96,266
377,51.52825899,-0.005775504,7.064359911,14:59:29,97,261
378,51.52825202,-0.005859054,7.064423911,14:59:38,98,260
379,51.52826604,-0.005946769,7.006373073,14:59:42,98,258
380,51.52828167,-0.006025239,6.969147204,14:59:47,102,257
381,51.52831537,-0.006085312,6.957075213,14:59:51,105,259
382,51.5283454,-0.006155608,6.832906482,14:59:56,102,258
383,51.5283741,-0.006224352,6.972246714,15:00:01,98,258
384,51.52840361,-0.00628928,7.301730881,15:00:06,98,260
385,51.5284368,-0.006348151,7.702774521,15:00:11,101,256
386,51.52847669,-0.00639925,8.418504978,15:00:16,99,252
387,51.52852454,-0.006447117,8.15018924,15:00:21,100,247
388,51.52856727,-0.006486328,7.75078279,15:00:26,97,245
389,51.52861827,-0.006525371,7.375083306,15:00:31,94,240
390,51.52865114,-0.006588783,7.751875792,15:00:38,99,238
391,51.52866005,-0.006675824,7.692371205,15:00:42,99,241
392,51.52868647,-0.006747796,7.289489654,15:00:47,97,239
393,51.52871884,-0.006806624,7.648032138,15:00:52,100,237
394,51.52877007,-0.006837321,7.387620206,15:01:00,105,240
395,51.52882135,-0.006832811,7.406299555,15:01:05,103,245
396,51.52886656,-0.006823751,7.890971345,15:01:10,107,244
397,51.52891764,-0.006816854,7.069920503,15:01:15,108,241
398,51.52897346,-0.006809417,7.409499238,15:01:20,104,245
399,51.52903075,-0.006799039,7.598619477,15:01:25,100,248
400,51.52908684,-0.006797527,7.755387511,15:01:29,100,244
401,51.52913713,-0.006782276,7.42626596,15:01:34,104,248
402,51.52918863,-0.006763501,6.369015776,15:01:40,103,246
403,51.5292377,-0.006773775,6.376325247,15:01:45,101,248
404,51.52928624,-0.006784722,6.240028439,15:01:50,105,253
405,51.52934021,-0.006778898,6.781435031,15:01:55,101,249
406,51.52938687,-0.006765254,6.895131871,15:01:59,96,248
407,51.52943356,-0.006757366,7.334963422,15:02:03,95,243
408,51.52947955,-0.006760753,7.091226662,15:02:08,94,243
409,51.52952493,-0.00676356,6.480143149,15:02:14,96,241
410,51.52958167,-0.006771494,6.246313303,15:02:19,91,238
411,51.52962679,-0.006773675,6.342687732,15:02:24,94,239
412,51.5296721,-0.006776001,6.359780676,15:02:28,95,234
413,51.52971872,-0.006774279,6.085594253,15:02:33,95,232
414,51.52977286,-0.006760068,6.298371414,15:02:37,94,234
415,51.52982418,-0.006747459,6.762027289,15:02:41,91,236
416,51.52987163,-0.006773444,6.443290102,15:02:44,95,239
417,51.52991567,-0.006795979,6.561901886,15:02:49,97,237
418,51.52996089,-0.006783464,6.684377491,15:02:53,100,235
419,51.52999108,-0.006729685,6.963975187,15:06:38,105,236
420,51.52995312,-0.006770823,7.913009763,15:13:00,103,235
421,51.53001202,-0.006800595,5.448780697,15:18:18,104,230
422,51.53006467,-0.006813553,6.100003315,15:18:25,106,228
423,51.53011113,-0.006821226,5.355880462,15:18:30,109,225
424,51.53015738,-0.006805401,4.635179552,15:18:36,104,228
425,51.53020509,-0.006794369,6.228332585,15:18:41,105,224
426,51.53025873,-0.006795825,6.541809698,15:18:47,100,228
427,51.53030682,-0.006802137,6.341122804,15:18:53,97,228
428,51.53035454,-0.006811894,6.430553483,15:18:59,99,227
429,51.53040412,-0.006801307,6.209386616,15:19:03,94,224
430,51.53045202,-0.006745365,6.640814683,15:19:07,99,222
431,51.530494,-0.006713565,6.287896748,15:19:11,98,223
432,51.53053816,-0.006676875,6.365040316,15:19:15,99,222
433,51.5305895,-0.006634225,6.237949109,15:19:20,102,227
434,51.53064026,-0.006661622,6.341282239,15:19:25,97,232
435,51.530683,-0.006705648,6.134457061,15:19:30,97,229
436,51.53072947,-0.006736997,5.46497849,15:19:35,94,229
437,51.53076948,-0.006776831,5.966193408,15:19:42,92,228
438,51.53081703,-0.006759285,5.407070317,15:19:47,95,228
439,51.53086338,-0.006749761,5.661755947,15:19:52,98,228
440,51.53090797,-0.006759752,5.228124576,15:19:56,102,223
441,51.53096104,-0.006786751,5.126622375,15:20:01,105,228
442,51.5310033,-0.006818593,5.345961697,15:20:05,103,231
443,51.53104535,-0.006848042,5.55639026,15:20:09,108,235
444,51.53108772,-0.006883582,5.104372935,15:20:13,106,236
445,51.53113876,-0.006918555,5.381681423,15:20:20,108,238
446,51.53117337,-0.006965564,5.620743381,15:20:26,104,243
447,51.53122045,-0.00697182,5.681784382,15:20:30,108,241
448,51.53126273,-0.007002338,5.503908186,15:20:35,108,241
449,51.53131146,-0.007034951,4.927031634,15:20:40,108,244
450,51.53136369,-0.007062172,4.71474957,15:20:46,104,244
451,51.53141181,-0.007083092,5.329210825,15:20:51,100,243
452,51.53146469,-0.007087443,5.910875212,15:20:56,105,245
453,51.53150773,-0.007109016,5.462918154,15:21:00,110,243
454,51.53155784,-0.00713306,4.746531996,15:21:05,107,244
455,51.531603,-0.007142539,5.161896091,15:21:09,102,243
456,51.53165045,-0.007159816,5.024729612,15:21:13,100,239
457,51.53170139,-0.007171659,5.188024658,15:21:18,98,235
458,51.5317475,-0.007197724,5.277290507,15:21:23,98,230
459,51.53179824,-0.007219589,5.419022903,15:21:29,103,233
460,51.53184509,-0.007246511,5.299674925,15:21:35,100,238
461,51.53188887,-0.007268657,5.690005627,15:21:41,95,236
462,51.53193695,-0.007295253,4.924800479,15:21:47,94,239
463,51.53198686,-0.007317791,4.670327925,15:21:52,94,243
464,51.53203687,-0.007343625,4.719753509,15:21:57,95,245
465,51.53208827,-0.007366796,4.309642389,15:22:03,90,244
466,51.53213631,-0.007374691,4.355414025,15:22:08,87,245
467,51.53218255,-0.007378055,4.335687126,15:22:12,88,250
468,51.53222494,-0.007403015,4.536617375,15:22:18,90,247
469,51.5322742,-0.007398273,4.798491754,15:22:23,88,243
470,51.53231632,-0.007423819,4.740594534,15:22:27,83,248
471,51.53236755,-0.007436338,4.786648429,15:22:32,82,250
472,51.53241792,-0.007435513,4.80595507,15:22:36,84,251
473,51.53246472,-0.007454438,5.000257775,15:22:42,83,250
474,51.53251119,-0.007472203,4.911189501,15:22:47,85,251
475,51.53255936,-0.007479991,5.415206557,15:22:52,90,252
476,51.53261272,-0.0075097,5.320110959,15:22:57,88,256
477,51.53266199,-0.007506763,5.52734518,15:23:02,93,252
478,51.53271224,-0.007516172,4.84821078,15:23:08,91,255
479,51.53275697,-0.007534219,5.090174256,15:23:13,96,257
480,51.53280205,-0.007540841,5.203247205,15:23:17,93,262
481,51.53285747,-0.007539315,5.962924059,15:23:22,88,266
482,51.53290369,-0.007547979,5.87826087,15:23:28,89,264
483,51.53295342,-0.007565922,6.01382066,15:23:33,90,267
484,51.53300167,-0.00758957,6.393111048,15:23:37,85,272
485,51.53304808,-0.007592522,6.577743235,15:23:42,80,267
486,51.53309573,-0.007605429,5.036965197,15:23:48,76,269
487,51.5331415,-0.007621645,6.341002949,15:23:52,74,270
488,51.53318872,-0.007661009,6.64708409,15:24:00,73,269
489,51.53321666,-0.007726126,7.710723019,15:24:19,72,268
490,51.53324091,-0.007800509,7.477506423,15:24:23,71,263
491,51.53325575,-0.007876464,6.50447165,15:24:28,76,266
492,51.53322838,-0.007940499,6.736416209,15:24:33,74,262
493,51.5331875,-0.007986497,7.037805783,15:24:37,72,267
494,51.53314562,-0.008021978,5.083141327,15:24:43,71,264
495,51.53310146,-0.008096961,7.507104285,15:24:46,70,259
496,51.53306722,-0.008149019,6.789132359,15:24:52,73,264
497,51.53303008,-0.008202886,7.202180309,15:24:57,77,269
498,51.53299341,-0.008252211,6.940409012,15:25:02,72,267
499,51.53295187,-0.00830039,6.897947554,15:25:07,70,270
500,51.53290217,-0.008333955,6.268245677,15:25:18,70,268
501,51.53286371,-0.008397072,6.539342379,15:25:23,73,269
502,51.53283026,-0.008455055,6.236875229,15:25:28,77,271
503,51.5327909,-0.008513925,6.066526495,15:25:33,78,267
504,51.53273425,-0.008588726,5.95131633,15:25:37,73,263
505,51.53269841,-0.008653734,6.003894043,15:25:42,71,265
506,51.53266268,-0.008709196,6.194967317,15:25:46,75,260
507,51.53262799,-0.008756116,5.855833236,15:25:54,78,261
508,51.53258599,-0.008813584,5.670335611,15:26:14,75,262
509,51.53254956,-0.00886172,5.961746655,15:26:19,79,263
510,51.53250717,-0.008918784,5.566147845,15:26:25,82,260
511,51.53246112,-0.008929243,5.497019045,15:26:29,79,265
512,51.53241577,-0.008979058,5.722768139,15:26:36,74,267
513,51.53238142,-0.009036058,5.786517935,15:26:40,70,270
514,51.5323438,-0.009078057,5.821814275,15:26:44,70,271
515,51.53230919,-0.009124675,5.601346457,15:26:49,70,266
516,51.53226839,-0.009185983,5.675645716,15:26:54,73,265
517,51.53223233,-0.009235166,5.932416962,15:26:59,70,267
518,51.53219213,-0.00927822,5.764795041,15:27:05,70,267
519,51.53220624,-0.009347385,6.320903212,15:28:14,70,270
520,51.53216043,-0.009390011,5.986671644,15:28:22,73,269
521,51.53210209,-0.009450001,6.683878806,15:28:25,71,269
522,51.53205205,-0.009512794,6.307294128,15:28:27,75,270
523,51.53201972,-0.009564671,7.559433118,15:28:31,74,268
524,51.53197639,-0.009624148,6.885339011,15:28:38,72,264
525,51.53193533,-0.009659486,5.617174415,15:28:42,72,266
526,51.53188667,-0.009694896,5.108196869,15:28:46,73,263
527,51.53183869,-0.009730236,4.494994238,15:28:50,75,260
528,51.5318038,-0.00977692,4.405955247,15:28:54,76,262
529,51.53176546,-0.009832273,5.408653707,15:28:58,78,267
530,51.5317288,-0.00988359,5.04426639,15:29:02,79,263
531,51.53168578,-0.00993893,5.055588232,15:29:07,79,267
532,51.53164747,-0.009988476,5.144063683,15:29:12,80,269
533,51.53160439,-0.010035179,6.340025977,15:29:15,75,265
534,51.53156347,-0.010086884,6.041054698,15:29:21,79,263
535,51.53152962,-0.010144431,5.864852547,15:29:25,84,260
536,51.53149491,-0.010193881,6.244238305,15:29:29,85,262
537,51.53144769,-0.010244679,4.84695516,15:29:34,82,263
538,51.53140218,-0.010289979,5.45355737,15:29:40,82,262
539,51.53136174,-0.010344018,5.887874619,15:29:44,85,266
540,51.53131232,-0.010406507,5.187275238,15:29:50,85,268
541,51.53126952,-0.010440128,6.991615128,15:29:53,84,273
542,51.53123383,-0.01049671,7.831128089,15:29:57,84,275
543,51.53119519,-0.010538613,7.608295411,15:30:01,81,277
544,51.53115911,-0.010582271,6.493093584,15:30:06,85,280
545,51.531119,-0.01064408,6.922644415,15:30:10,87,278
546,51.53107729,-0.010690031,6.804001928,15:30:15,87,275
547,51.53103823,-0.010736473,6.926640483,15:30:19,86,280
548,51.53099814,-0.010775182,6.474582681,15:30:24,88,280
549,51.53095123,-0.01079509,6.620853223,15:30:29,85,276
550,51.53090394,-0.010830732,6.24263438,15:30:33,87,272
551,51.53086643,-0.010890633,5.827624627,15:30:37,91,274
552,51.53082657,-0.010947697,5.688732487,15:30:41,93,274
553,51.53079387,-0.010997329,5.066533914,15:30:46,90,270
554,51.53076769,-0.01105921,5.751562659,15:30:49,94,274
555,51.53074346,-0.011124547,5.453590809,15:30:54,94,272
556,51.53071129,-0.011182414,6.05045547,15:31:01,98,268
557,51.53067113,-0.011136435,7.364462032,15:31:06,94,263
558,51.53063569,-0.011076566,7.171058847,15:31:12,90,262
559,51.53060251,-0.011022506,6.689579575,15:31:17,89,266
560,51.53056612,-0.010970219,6.223991504,15:31:22,94,263
561,51.530621,-0.010973814,4.472227678,15:31:38,98,266
562,51.53067293,-0.01100945,3.214060619,15:31:42,103,261
563,51.5307113,-0.011057668,3.361581,15:31:46,104,256
564,51.53073286,-0.011136952,4.591112963,15:31:50,105,260
565,51.53072407,-0.011219492,5.533011751,15:31:54,101,259
566,51.53069091,-0.011290557,5.903978534,15:31:57,101,263
567,51.53065948,-0.01134337,5.819329708,15:32:00,103,261
568,51.53063451,-0.011415487,5.790181013,15:32:04,108,261
569,51.53060279,-0.011501269,6.462379187,15:32:08,103,263
570,51.53057185,-0.011576757,6.816012156,15:32:13,106,260
571,51.5305406,-0.011632275,6.774201395,15:32:17,111,262
572,51.53050431,-0.01168249,7.383664441,15:32:21,116,265
573,51.53046267,-0.011712486,8.032856247,15:32:26,117,264
574,51.53041404,-0.011709311,7.736492835,15:32:32,120,260
575,51.53037131,-0.011747023,6.153667185,15:32:37,120,257
576,51.5303283,-0.011803265,7.770249031,15:32:42,120,258
577,51.53029804,-0.01185854,6.255010986,15:32:47,120,263
578,51.53026937,-0.011931506,6.085115015,15:32:53,115,259
579,51.53023306,-0.01200079,6.002053048,15:32:58,119,259
580,51.53020051,-0.012067017,7.026278777,15:33:02,120,262
581,51.53016324,-0.012130892,5.443917651,15:33:07,120,257
582,51.53013625,-0.012194465,5.125194172,15:33:10,120,255
583,51.53011071,-0.012275537,4.797667897,15:33:15,120,252
584,51.53007268,-0.012350223,6.365874804,15:33:21,119,249
585,51.53004687,-0.012413496,6.766773543,15:33:24,114,253
586,51.53002356,-0.01248638,7.238951275,15:33:29,117,252
587,51.52997628,-0.012529722,8.100798214,15:33:33,112,255
588,51.52994225,-0.012589513,8.41888546,15:33:37,115,253
589,51.52991192,-0.012646433,8.137035674,15:33:42,120,256
590,51.52988577,-0.012705339,8.035206086,15:33:48,120,251
591,51.52986349,-0.012777279,7.158461584,15:33:54,118,250
592,51.52984173,-0.012856318,7.097454547,15:34:00,113,245
593,51.52983552,-0.012938617,7.632791137,15:34:05,117,242
594,51.52983481,-0.013016227,8.498418307,15:34:10,119,244
595,51.52981215,-0.013095249,9.306348952,15:34:14,120,245
596,51.5297996,-0.013165423,8.239827796,15:34:19,120,247
597,51.52977538,-0.013228363,9.033280094,15:34:35,120,244
598,51.52974641,-0.013286888,9.128994513,15:34:39,120,246
599,51.52971644,-0.013360863,8.787619252,15:34:44,119,250
600,51.52967662,-0.013416524,7.882348285,15:34:49,120,245
601,51.52962962,-0.013412214,7.983739353,15:34:53,120,250
602,51.5295825,-0.013398475,7.23711958,15:34:58,120,252
603,51.5295404,-0.013339965,6.441072389,15:35:04,120,249
604,51.5295034,-0.01329711,6.818202502,15:35:08,120,245
605,51.52945724,-0.013239913,7.563477148,15:35:13,120,241
606,51.52942285,-0.013185928,8.142281376,15:35:17,119,240
607,51.52938771,-0.013140321,7.825002248,15:35:21,120,238
608,51.52935485,-0.013090191,8.213172839,15:35:25,118,243
609,51.5293197,-0.013038149,8.419325296,15:35:29,116,244
610,51.52928007,-0.012979083,7.488377403,15:35:36,118,245
611,51.52924322,-0.012926417,7.588608284,15:35:44,116,242
612,51.52920031,-0.01286739,8.106463243,15:35:50,114,237
613,51.52916666,-0.012817633,8.177381975,15:35:55,111,235
614,51.52913175,-0.012770704,7.85695118,15:36:00,113,238
615,51.52909599,-0.01272307,7.918789903,15:36:04,115,236
616,51.52905627,-0.012671867,7.832677326,15:36:10,117,236
617,51.52901554,-0.012625282,7.484893756,15:36:16,117,234
618,51.52897468,-0.012582055,9.201892893,15:36:20,119,236
619,51.52893283,-0.012540382,8.85929982,15:36:24,118,231
620,51.52889494,-0.012488104,8.099456409,15:36:28,118,236
621,51.52885867,-0.012442006,8.120976668,15:36:33,120,239
622,51.5288101,-0.012387441,8.666402993,15:36:36,120,240
623,51.52877848,-0.012321377,7.662008506,15:36:40,119,244
624,51.52874555,-0.012264025,8.070225009,15:36:43,117,240
625,51.52871187,-0.012204484,8.163297223,15:36:47,117,238
626,51.5286767,-0.012153731,8.047393229,15:36:51,120,239
627,51.52863802,-0.01209712,8.16754922,15:36:57,115,242
628,51.52859924,-0.012038725,8.197406088,15:37:03,116,237
629,51.52856591,-0.011988157,8.807600938,15:37:07,111,235
630,51.52851944,-0.011932212,9.265426514,15:37:11,116,230
631,51.52847953,-0.011897772,9.048286218,15:37:17,111,235
632,51.52844293,-0.011851024,9.192927719,15:37:21,115,238
633,51.52840495,-0.011795069,8.906906146,15:37:25,116,241
634,51.52836562,-0.011750925,9.377273563,15:37:29,114,242
635,51.52830575,-0.011709844,10.4123567,15:37:34,112,246
636,51.52825936,-0.01168578,10.86005815,15:37:38,115,251
637,51.52821743,-0.011640441,10.40639782,15:37:42,114,246
638,51.52817131,-0.011605492,9.527989481,15:37:47,112,245
639,51.52812977,-0.011558278,9.532106555,15:37:51,114,243
640,51.52810355,-0.011472391,8.056985581,15:37:56,110,240
641,51.52807263,-0.011414413,6.753297988,15:38:02,106,239
642,51.52803273,-0.011365054,7.146312038,15:38:07,108,238
643,51.5279785,-0.011330509,8.485475115,15:38:11,113,242
644,51.52793833,-0.011297253,8.946333425,15:38:15,108,247
645,51.52789378,-0.011261966,10.08660946,15:38:20,109,247
646,51.52785291,-0.011223526,10.95929452,15:38:24,106,251
647,51.52781584,-0.011176143,11.11052606,15:38:30,101,253
648,51.52775638,-0.011156331,11.09847745,15:38:35,102,252
649,51.52771556,-0.011116892,11.52219208,15:38:38,102,251
650,51.52767107,-0.011067232,12.29662504,15:38:42,105,251
651,51.52762039,-0.011053604,11.37384744,15:38:47,108,252
652,51.52757918,-0.011014322,11.04217271,15:38:54,111,256
653,51.52753315,-0.010961541,10.48509334,15:38:57,107,255
654,51.52747911,-0.010931458,11.00463303,15:39:02,105,258
655,51.52743406,-0.010908268,10.57114521,15:39:06,104,260
656,51.52738975,-0.010867623,10.7748378,15:39:11,109,264
657,51.52734289,-0.010838182,10.71572248,15:39:14,114,261
658,51.52728553,-0.010806244,10.14724113,15:39:21,109,256
659,51.52724386,-0.010764622,10.01716428,15:39:24,109,251
660,51.52719976,-0.010729139,10.42720521,15:39:27,114,256
661,51.52715508,-0.01068784,10.66483818,15:39:31,110,261
662,51.52711063,-0.010635733,10.57561839,15:39:35,107,256
663,51.52705882,-0.010592594,11.42398712,15:39:39,102,260
664,51.52701051,-0.010580204,11.2516372,15:39:43,100,263
665,51.52696958,-0.01052748,10.72543867,15:39:49,103,260
666,51.52692243,-0.010513146,10.44909608,15:39:54,102,263
667,51.52686605,-0.010507331,12.0296704,15:39:58,102,261
668,51.52681673,-0.010533075,10.59389649,15:40:03,101,259
669,51.52686352,-0.010393206,11.46634578,15:40:17,97,255
670,51.5268601,-0.010312691,10.34432986,15:40:32,95,254
671,51.52682635,-0.010259448,10.20433535,15:40:34,95,259
672,51.52678743,-0.010189879,9.97027062,15:40:38,94,260
673,51.52675434,-0.010140416,9.96371196,15:40:42,92,261
674,51.52670716,-0.010111042,10.15553986,15:40:46,94,262
675,51.52666988,-0.01005227,10.08598281,15:40:49,90,264
676,51.52665758,-0.009921567,9.771771382,15:40:55,91,267
677,51.5266966,-0.009876597,10.13741542,15:41:00,88,265
678,51.52671114,-0.009781939,9.898930423,15:41:04,86,262
679,51.5267353,-0.009715037,9.802846228,15:41:11,83,265
680,51.52679057,-0.009634851,10.3314994,15:41:13,81,269
681,51.52683611,-0.009542025,9.460486772,15:41:15,78,270
682,51.52685421,-0.009472467,8.961522876,15:41:25,82,267
683,51.5269135,-0.009448022,8.772427588,15:41:38,81,272
684,51.52695939,-0.009446814,8.005638514,15:41:50,77,272
685,51.52694697,-0.009650717,4.112743444,15:41:58,80,267
686,51.52692973,-0.009834669,4.081432409,15:42:00,79,268
687,51.52697476,-0.009795032,2.824047155,15:42:05,76,263
688,51.5270146,-0.009690586,2.532360143,15:42:06,77,259
689,51.52703169,-0.009611734,2.120616979,15:42:09,73,263
690,51.52694364,-0.009718217,3.01542294,15:42:26,74,259
691,51.52689306,-0.009849503,3.015445828,15:42:38,72,262
692,51.52686137,-0.009943079,3.015556455,15:42:44,70,262
693,51.5268492,-0.009864307,9.122483253,15:45:05,70,265
694,51.52683191,-0.009699535,9.092458248,15:45:18,70,263
695,51.52680782,-0.009632389,9.085015297,15:45:24,70,266
696,51.52681155,-0.009712472,9.07838726,15:45:31,75,271
697,51.52685169,-0.009750763,9.179730415,15:46:59,72,267
698,51.52687327,-0.009815106,9.512234211,15:47:44,70,264
699,51.52686041,-0.00998524,9.586066723,15:47:51,72,266
700,51.52687425,-0.009910085,9.421273232,15:49:17,74,261
701,51.52688792,-0.009828583,9.410162449,15:49:26,75,256
702,51.52693213,-0.009791389,9.589671313,15:50:40,71,253
703,51.52731457,-0.009408669,7.474377307,15:51:52,74,249
704,51.52712848,-0.009568272,8.446507586,15:51:54,75,251
705,51.52708539,-0.009603655,8.720427412,15:51:55,77,254
706,51.5270334,-0.009643746,8.841971025,15:51:57,75,253
707,51.52696299,-0.009739639,9.841720581,15:52:15,76,256
708,51.52691856,-0.009838265,8.214294434,15:52:25,77,251
709,51.5268844,-0.009784617,9.666963393,15:52:47,79,249
710,51.52691925,-0.009732471,9.575651924,15:52:59,81,252
711,51.52695167,-0.009805594,9.673852265,15:53:03,83,248
712,51.52718067,-0.009770431,9.691937958,15:53:10,86,244
713,51.52725157,-0.009779799,9.456052621,15:53:12,91,243
714,51.5271859,-0.009811549,9.504859786,15:53:20,92,243
715,51.52713773,-0.009815305,9.494724941,15:53:23,97,241
716,51.52709318,-0.009802549,9.567644731,15:53:27,94,244
717,51.52699966,-0.009729142,9.624724369,15:53:35,97,245
718,51.52695772,-0.009701804,9.381392088,15:53:40,100,245
719,51.52691518,-0.009665011,9.398500583,15:53:47,98,243
720,51.52708777,-0.009846333,9.315529246,15:53:57,100,245
721,51.52721124,-0.009994071,9.296985216,15:53:59,104,250
722,51.52741293,-0.009882007,9.326977127,15:54:01,108,248
723,51.52735633,-0.009858631,9.426274273,15:54:03,104,243
724,51.52727261,-0.009873643,9.476559715,15:54:05,105,242
725,51.52722225,-0.009934155,9.611904883,15:54:07,104,244
726,51.5271493,-0.009903824,9.735658839,15:54:10,107,246
727,51.52708542,-0.009924277,9.842047988,15:54:13,111,250
728,51.52701292,-0.009914996,9.939511737,15:54:15,111,246
729,51.52696613,-0.009899975,9.711801579,15:54:18,109,244
730,51.52691965,-0.009887326,10.00519037,15:54:21,107,248
731,51.52686436,-0.009844227,10.0278589,15:54:23,112,245
732,51.52681157,-0.009877026,10.05514594,15:56:06,111,245
733,51.52685965,-0.009865064,9.766010642,15:56:16,114,247
734,51.5269048,-0.009862512,10.04082904,15:56:21,119,252
735,51.52685497,-0.009865319,9.914006909,15:57:00,116,250
736,51.526834,-0.009938631,9.827860024,15:57:10,111,247
737,51.52691773,-0.009933659,9.883181293,15:57:17,109,244
738,51.52690426,-0.010076578,9.82028424,15:57:19,111,241
739,51.52690285,-0.010157562,10.38465447,15:57:23,110,246
740,51.52688523,-0.01024241,10.24607276,15:57:29,108,247
741,51.52694513,-0.010307897,10.35294427,15:57:31,108,252
742,51.5270274,-0.010339325,10.16657479,15:57:33,111,248
743,51.52696029,-0.010357478,10.54809531,15:57:35,111,253
744,51.52694444,-0.010427124,10.38362023,15:57:38,110,251
745,51.52690332,-0.01046733,10.88161746,15:57:45,111,252
746,51.52684837,-0.010485636,11.45129669,15:57:50,110,257
747,51.52680435,-0.010501161,11.91425929,15:57:53,111,261
748,51.52675926,-0.010525289,12.27097956,15:57:56,112,262
749,51.52670576,-0.010533342,10.92674131,15:58:02,112,264
750,51.52665325,-0.010529092,10.94830098,15:58:07,113,263
751,51.52660563,-0.010535345,9.903044301,15:58:14,112,265
752,51.52656255,-0.010559598,10.60785942,15:58:34,107,263
753,51.52651796,-0.010573321,10.62485176,15:58:37,102,259
754,51.52647718,-0.010628705,10.60749303,15:58:42,101,258
755,51.52642241,-0.010670153,11.33609354,15:58:47,96,262
756,51.52639082,-0.010601712,10.49004129,15:58:55,98,258
757,51.52634794,-0.010551185,11.27558449,15:59:00,103,259
758,51.52629986,-0.010524451,11.27642299,15:59:05,101,264
759,51.52625866,-0.01048898,9.332237999,15:59:12,99,265
760,51.52621199,-0.010454927,7.175769556,15:59:18,98,265
761,51.52615798,-0.010463714,7.663268776,15:59:21,95,264
762,51.52610748,-0.010463672,6.541824316,15:59:27,96,259
763,51.52606026,-0.010432685,8.306524191,15:59:33,95,264
764,51.52600733,-0.010419316,8.810669955,15:59:36,100,267
765,51.5259725,-0.010329765,9.850485994,15:59:45,105,266
766,51.52596794,-0.010255081,10.43363303,15:59:48,110,263
767,51.52591255,-0.01024177,10.74437765,15:59:53,108,266
768,51.5258653,-0.010259523,7.967676789,15:59:56,103,267
769,51.52582219,-0.010308535,8.371763757,16:00:03,100,271
770,51.52579295,-0.010373921,9.440895378,16:00:11,100,274
771,51.52575724,-0.010432511,9.735013957,16:00:15,99,270
772,51.52571374,-0.010463886,9.26361192,16:00:21,96,265
773,51.52567118,-0.010509487,8.651360848,16:00:28,91,260
774,51.52561413,-0.010486376,9.957640901,16:00:31,86,258
775,51.52557735,-0.010529885,10.61380284,16:00:38,88,259
776,51.52553246,-0.010521717,11.21294743,16:00:43,89,254
777,51.52548068,-0.010476707,12.21688,16:00:47,91,255
778,51.52542753,-0.010439578,12.76585525,16:00:51,91,250
779,51.52537277,-0.010444134,13.42566247,16:00:55,87,251
780,51.52532825,-0.010471126,13.35096988,16:00:58,85,252
781,51.52528816,-0.010537021,13.64689857,16:01:02,89,252
782,51.52525401,-0.010594333,14.38449417,16:01:08,90,255
783,51.52523844,-0.010664895,14.86729692,16:01:11,87,260
784,51.5252165,-0.010730013,12.78472511,16:01:17,91,261
785,51.5251941,-0.010802652,12.79846078,16:01:22,95,261
786,51.52518607,-0.010877877,12.35660258,16:01:27,100,262
787,51.52517448,-0.010967821,13.67468423,16:01:31,102,265
788,51.52516646,-0.011051008,14.43517888,16:01:38,103,264
789,51.52512963,-0.011094659,14.37799557,16:01:43,104,269
790,51.52508176,-0.01107434,15.91690957,16:01:48,105,267
791,51.52503809,-0.011039799,15.03527228,16:01:54,107,265
792,51.52499513,-0.011062444,14.36969742,16:02:04,105,267
793,51.52494788,-0.011060206,15.36593402,16:02:11,107,263
794,51.5248969,-0.01105136,15.75956579,16:02:16,112,262
795,51.52483933,-0.011031893,15.48802074,16:02:21,111,258
796,51.52478665,-0.010999568,13.29766072,16:02:25,106,262
797,51.52473607,-0.010963101,13.61784657,16:02:28,103,260
798,51.52468329,-0.010947138,13.92771281,16:02:30,101,265
799,51.52463323,-0.010927033,14.1245025,16:02:35,105,265
800,51.52458772,-0.010907736,14.78702259,16:02:39,109,263
801,51.52456051,-0.010845315,14.70817575,16:02:52,112,263
802,51.52452751,-0.010795893,13.95737163,16:02:58,112,261
803,51.52451084,-0.010725612,14.11274055,16:03:05,107,256
804,51.52447807,-0.010655998,12.96405818,16:03:11,112,256
805,51.52443565,-0.010624388,13.53329408,16:03:15,115,255
806,51.52441703,-0.010558072,10.62852044,16:03:27,119,252
807,51.52443866,-0.01049208,10.71645495,16:03:31,119,247
808,51.52446015,-0.01042021,9.821120034,16:03:36,118,243
809,51.52446837,-0.010339401,10.4538763,16:03:39,120,246
810,51.52449189,-0.010270308,9.61674185,16:03:46,119,249
811,51.52450882,-0.010195285,9.498004813,16:03:50,117,244
812,51.52451229,-0.010105959,9.719935769,16:03:53,120,241
813,51.52448977,-0.010036145,9.704139079,16:03:56,120,236
814,51.52445068,-0.009986197,10.06183057,16:03:59,120,239
815,51.52440799,-0.009945385,10.49687493,16:04:03,118,240
816,51.52438178,-0.009879615,10.20376418,16:04:08,120,235
817,51.5243683,-0.009805084,9.973312382,16:04:12,120,238
818,51.5243442,-0.009741317,8.640008256,16:04:17,115,236
819,51.52430567,-0.00966396,8.684428378,16:04:21,114,238
820,51.52427138,-0.009612567,9.034560023,16:04:24,119,240
821,51.52422256,-0.009592277,10.23314534,16:04:28,120,243
822,51.52417175,-0.009572157,10.60860584,16:04:31,116,242
823,51.52412276,-0.009583962,10.71248082,16:04:35,116,241
824,51.52407254,-0.009595121,10.36334337,16:04:39,117,243
825,51.52402034,-0.009568543,10.42076722,16:04:44,113,247
826,51.52397217,-0.00954283,10.94786527,16:04:48,114,252
827,51.52392202,-0.009513585,10.12876532,16:04:53,111,256
828,51.52388133,-0.009475458,10.3399666,16:04:57,113,258
829,51.52384038,-0.009411882,10.75081906,16:05:01,112,260
830,51.5238434,-0.009335974,10.06972591,16:05:05,111,260
831,51.52386777,-0.009252434,9.341802444,16:05:10,112,256
832,51.52388701,-0.009172363,9.174321512,16:05:15,108,252
833,51.52389693,-0.009097743,9.497740563,16:05:20,111,247
834,51.52391752,-0.009028708,9.371691964,16:05:24,112,252
835,51.52393811,-0.008951235,9.273647513,16:05:28,113,255
836,51.52395995,-0.008872568,10.12722216,16:05:32,112,253
837,51.52399317,-0.008781206,10.65964627,16:05:40,107,248
838,51.52401017,-0.008707111,9.932657485,16:05:47,110,243
839,51.52401709,-0.008620103,10.23734077,16:05:50,107,248
840,51.52402253,-0.008544832,10.76893485,16:05:55,106,244
841,51.52400438,-0.008471389,9.451111633,16:06:01,108,245
842,51.52398311,-0.008387405,9.410766033,16:06:05,108,241
843,51.5239853,-0.008293924,8.095392492,16:06:10,107,239
844,51.52398865,-0.008218203,7.248781458,16:06:14,107,239
845,51.52398604,-0.008133459,6.768588996,16:06:19,110,242
846,51.52399711,-0.008062255,6.909190227,16:06:23,114,240
847,51.52399105,-0.007980034,7.237652104,16:06:29,117,245
848,51.52399096,-0.007886705,7.48122566,16:06:34,118,240
849,51.52398594,-0.007797425,7.527098163,16:06:38,114,242
850,51.52398661,-0.007711682,6.781787408,16:06:43,112,239
851,51.5239796,-0.007639648,6.783878746,16:06:47,116,236
852,51.52397346,-0.00755464,6.808088474,16:06:52,116,241
853,51.52396618,-0.007474634,6.470576639,16:06:57,119,246
854,51.52395559,-0.007387746,8.256843758,16:07:01,118,247
855,51.52394992,-0.007310595,6.62902053,16:07:06,113,250
856,51.52394961,-0.00722947,5.959325108,16:07:10,114,255
857,51.52395006,-0.007146228,6.419355631,16:07:13,109,258
858,51.52395531,-0.007060588,5.578287512,16:07:18,110,254
859,51.5239494,-0.006987581,5.847779045,16:07:22,108,254
860,51.52394791,-0.006914488,7.551954609,16:07:26,113,253
861,51.52395473,-0.006827585,7.345193079,16:07:31,111,258
862,51.52394634,-0.006747851,7.504823914,16:07:36,108,263
863,51.52395345,-0.006668443,8.101955692,16:07:40,112,265
864,51.52395177,-0.006593682,8.235657894,16:07:44,116,263
865,51.52394263,-0.006502118,8.37240737,16:07:49,120,265
866,51.52393758,-0.00642324,8.105350193,16:07:54,120,263
867,51.52394147,-0.006341246,8.271113358,16:07:59,120,258
868,51.52393974,-0.006265375,7.502596231,16:08:03,120,253
869,51.52393376,-0.006178859,7.189001866,16:08:08,119,251
870,51.52392733,-0.006105133,7.359757864,16:08:13,117,246
871,51.52393531,-0.006018696,7.337573825,16:08:17,117,242
872,51.52394034,-0.005926404,6.882827153,16:08:21,112,241
873,51.52394301,-0.005850809,7.643096515,16:08:25,115,238
874,51.52394934,-0.005767002,7.216489719,16:08:29,120,241
875,51.52394668,-0.005692674,6.753552697,16:08:33,120,240
876,51.52394948,-0.005612546,6.247619445,16:08:38,115,239
877,51.52394921,-0.005538832,7.198181916,16:08:43,115,237
878,51.52395643,-0.005458981,7.034475141,16:08:52,113,235
879,51.52393448,-0.005389038,6.817558305,16:08:55,112,240
880,51.52391351,-0.005318256,6.600019629,16:08:59,116,243
881,51.52389224,-0.005243184,7.109783804,16:09:03,115,241
882,51.52388081,-0.00516443,5.639907859,16:09:08,112,242
883,51.5238776,-0.005065273,6.319257488,16:09:15,109,240
884,51.52388413,-0.004964859,6.458115403,16:09:19,108,241
885,51.5238966,-0.004886639,5.752581747,16:09:24,112,236
886,51.52389415,-0.004805804,5.82906771,16:09:28,108,232
887,51.52384503,-0.004776366,5.354265583,16:09:32,109,230
888,51.52383234,-0.004692809,5.35393902,16:09:38,105,234
889,51.52383784,-0.004614066,5.500407946,16:09:44,105,229
890,51.52385602,-0.004535284,5.348543721,16:09:51,106,231
891,51.52385489,-0.0044511,5.412389173,16:09:57,108,236
892,51.52384766,-0.004360896,5.124905965,16:10:02,103,239
893,51.52384372,-0.00428745,5.00564511,16:10:06,105,244
894,51.52387572,-0.004233069,5.546100081,16:10:27,101,244
895,51.52392966,-0.004227004,5.935345402,16:10:30,104,244
896,51.52389983,-0.004131542,5.251479964,16:10:56,105,249
897,51.52387228,-0.00406605,4.742471428,16:11:00,102,251
898,51.52387472,-0.003980516,4.993723869,16:11:05,106,249
899,51.52387768,-0.003906398,4.293768037,16:11:09,107,246
900,51.52387707,-0.003825002,4.310155137,16:11:13,105,242
901,51.52386954,-0.003741558,4.468230771,16:11:17,109,237
902,51.52386379,-0.003644267,4.382478569,16:11:20,110,237
903,51.52386952,-0.00356205,4.735814802,16:11:23,110,240
904,51.52387956,-0.003476326,4.335413764,16:11:27,108,239
905,51.52385792,-0.003411843,4.498633694,16:11:31,110,236
906,51.52385831,-0.00333073,4.97224627,16:11:36,108,238
907,51.52389223,-0.003259706,5.799191087,16:11:39,111,239
908,51.52387695,-0.003189585,4.516220344,16:11:44,107,240
909,51.52384404,-0.00312497,4.053165565,16:11:50,110,240
910,51.52380965,-0.003054608,3.170845124,16:11:53,110,236
911,51.52379475,-0.002971758,3.609024451,16:11:59,110,241
912,51.5237181,-0.002905975,3.433937091,16:12:02,112,242
913,51.52366215,-0.002903355,3.910032827,16:12:06,107,243
914,51.5236121,-0.002921165,4.821909029,16:12:09,102,241
915,51.52355422,-0.002938905,4.496439942,16:12:15,97,246
916,51.52349866,-0.002957802,4.543286742,16:12:18,100,249
917,51.52345118,-0.002977102,5.017526273,16:12:21,98,252
918,51.52340271,-0.003007419,5.560035747,16:12:25,94,257
919,51.52335716,-0.003031572,5.937343249,16:12:29,98,262
920,51.52330928,-0.003064722,4.820205827,16:12:34,95,262
921,51.52326,-0.003089474,4.977197412,16:12:38,97,259
922,51.52320198,-0.003092007,5.120429837,16:12:44,101,261
923,51.52316373,-0.00315479,6.401258028,16:12:49,104,259
924,51.5231076,-0.003200766,5.957934025,16:12:54,101,257
925,51.52306511,-0.003241074,5.733872258,16:12:56,105,261
926,51.5230154,-0.003244693,6.209645767,16:13:02,102,260
927,51.52297293,-0.00327091,5.677493983,16:13:06,105,264
928,51.52292111,-0.003306235,6.780435837,16:13:10,109,264
929,51.5228666,-0.003338469,7.008481723,16:13:14,106,265
930,51.52282625,-0.003381779,7.510196202,16:13:19,101,266
931,51.52278862,-0.00343174,7.048205225,16:13:24,99,261
932,51.52275058,-0.00347575,6.351777294,16:13:30,96,261
933,51.52272651,-0.003536791,7.169731264,16:13:42,96,260
934,51.52267407,-0.003555192,8.036172513,16:13:47,100,256
935,51.52262721,-0.003617806,7.192856553,16:13:53,98,261
936,51.5225855,-0.003675077,6.228570236,16:13:59,101,263
937,51.52254911,-0.003732471,6.279842307,16:14:03,101,265
938,51.52254871,-0.003817556,6.48556676,16:14:07,99,263
939,51.52253072,-0.003898979,5.982478105,16:14:10,103,262
940,51.52248192,-0.003916488,6.705315497,16:14:13,105,263
941,51.52242828,-0.003961837,6.853233269,16:14:15,108,266
942,51.52237864,-0.003990294,7.381450443,16:14:18,105,262
943,51.52233457,-0.004016883,8.241840696,16:14:23,110,260
944,51.52229039,-0.00405589,8.527015007,16:14:27,105,260
945,51.52225342,-0.004115538,8.220788864,16:14:31,108,257
946,51.52220245,-0.004123508,7.034105178,16:14:36,109,253
947,51.52217863,-0.004062014,6.968499609,16:14:41,112,254
948,51.52212792,-0.004055177,6.74518235,16:14:48,110,257
949,51.52208201,-0.004038456,6.391352532,16:14:53,115,262
950,51.52205443,-0.003980227,6.266217406,16:14:57,113,258
951,51.52200814,-0.003919647,5.998831605,16:15:01,108,254
952,51.52195326,-0.003881812,5.757950018,16:15:05,104,257
953,51.52190748,-0.003849406,5.971011623,16:15:09,103,260
954,51.52186286,-0.003799154,6.351323129,16:15:13,105,255
955,51.52182315,-0.003755077,6.202374299,16:15:18,102,257
956,51.52178084,-0.003702681,5.733405517,16:15:23,106,256
957,51.5217464,-0.003646088,5.999628521,16:15:27,103,255
958,51.52171774,-0.003586068,5.88418022,16:15:31,104,254
959,51.52168585,-0.003516778,5.584286726,16:15:36,104,254
960,51.52165367,-0.003460008,5.457322269,16:15:41,103,256
961,51.52163713,-0.003386159,5.38820836,16:15:45,106,259
962,51.52163271,-0.003307042,5.490371254,16:15:49,109,257
963,51.521621,-0.003233256,5.849981343,16:15:53,109,262
964,51.52162282,-0.00314977,6.107907507,16:15:59,110,266
965,51.52163176,-0.003068858,5.85183038,16:16:02,115,266
966,51.5216308,-0.002996529,5.498453309,16:16:06,119,264
967,51.52162637,-0.00291716,4.913934654,16:16:09,115,269
968,51.52162323,-0.002810455,5.276344885,16:16:13,116,267
969,51.52161955,-0.002731888,4.907634357,16:16:17,120,267
970,51.52160824,-0.002651631,5.488406762,16:16:20,120,264
971,51.5216016,-0.002576925,5.554406768,16:16:25,120,259
972,51.52159199,-0.002491635,5.990768453,16:16:29,120,257
973,51.52158698,-0.002403285,4.940060304,16:16:33,118,255
974,51.5215837,-0.002315668,5.455305225,16:16:38,119,253
975,51.52159216,-0.002225327,5.077971896,16:16:43,120,252
976,51.52158717,-0.002140882,5.399652715,16:16:47,117,257
977,51.52159441,-0.002058889,5.118400525,16:16:52,119,257
978,51.52159263,-0.001975563,4.981564142,16:16:56,120,256
979,51.52158839,-0.001892659,3.974142477,16:17:01,119,260
980,51.52157989,-0.001790496,3.958975986,16:17:06,120,261
981,51.52158752,-0.001717747,3.848628279,16:17:10,115,263
982,51.52158197,-0.001640695,3.971389195,16:17:15,116,260
983,51.52157576,-0.001566836,4.066830679,16:17:20,118,258
984,51.52157638,-0.001492998,4.661846505,16:17:24,114,261
985,51.52156649,-0.001419977,4.84326318,16:17:28,113,263
986,51.52156366,-0.001339206,4.105938157,16:17:32,118,268
987,51.52155591,-0.001267609,3.727116663,16:17:37,119,272
988,51.52156483,-0.001186963,3.041514368,16:17:45,120,272
989,51.52158106,-0.001117669,3.006358195,16:17:50,120,274
990,51.52163411,-0.001075679,3.499145414,16:17:57,120,277
991,51.52168858,-0.001070226,3.492310936,16:18:04,120,277
992,51.52174193,-0.001069293,3.279485383,16:18:08,118,277
993,51.52179053,-0.001061661,3.130446206,16:18:12,116,278
994,51.52183776,-0.001056493,3.57045693,16:18:15,119,276
995,51.52188496,-0.001045581,3.659828929,16:18:20,116,272
996,51.52192874,-0.001007256,3.844083376,16:18:24,113,275
997,51.52197253,-0.00098866,3.832686818,16:18:31,113,274
998,51.52201627,-0.000971446,4.030532964,16:18:34,117,279
999,51.52206135,-0.000968522,3.728494897,16:18:38,113,275
1000,51.52211483,-0.000955828,4.141154174,16:18:41,116,273
1001,51.52216482,-0.00092719,3.512934325,16:18:47,116,270
1002,51.52221316,-0.000914229,3.112843607,16:18:53,113,271
1003,51.52228112,-0.000886965,2.466300176,16:18:58,113,272
1004,51.52232688,-0.000881837,2.930490729,16:19:01,109,276
1005,51.52237956,-0.000857242,2.568911636,16:19:06,110,273
1006,51.52244371,-0.000824779,3.740096566,16:19:12,108,276
1007,51.5224894,-0.000824459,3.463389998,16:19:17,111,272
1008,51.52253757,-0.000812441,3.1121005,16:19:21,108,274
1009,51.52258721,-0.000805212,3.410719474,16:19:25,112,276
1010,51.52264195,-0.00078969,3.730982081,16:19:30,113,280
1011,51.52269872,-0.000768759,3.030374906,16:19:35,110,280
1012,51.52275073,-0.000746696,3.054673294,16:19:39,107,279
1013,51.52279408,-0.000724615,3.35361209,16:19:43,103,274
1014,51.52284477,-0.000714082,3.518616489,16:19:50,100,271
1015,51.52289564,-0.000698369,3.041553636,16:19:56,102,274
1016,51.52295397,-0.000677484,3.367506272,16:20:00,100,272
1017,51.52300574,-0.000657404,2.765690418,16:20:03,95,274
1018,51.52305986,-0.00062712,2.704996385,16:20:08,92,269
1019,51.52310426,-0.000595891,2.737321191,16:20:11,89,273
1020,51.52314935,-0.00056565,3.09531597,16:20:15,88,277
1021,51.5231965,-0.00053169,3.226144601,16:20:19,85,277
1022,51.52323555,-0.000495248,3.172258857,16:20:22,83,280
1023,51.52329329,-0.000512553,3.335575056,16:20:27,87,275
1024,51.52334175,-0.000513322,3.935246697,16:20:30,89,273
1025,51.52337004,-0.000441829,2.897980398,16:20:35,92,278
1026,51.52337811,-0.000361913,2.946123615,16:20:39,93,280
1027,51.52338315,-0.000289246,2.760020765,16:20:43,94,280
1028,51.52336021,-0.000223795,3.442680175,16:20:46,97,280
1029,51.52334975,-0.000137062,3.874610639,16:20:49,95,280
1030,51.52333518,-5.92E-05,3.047268165,16:20:54,94,280
1031,51.52331831,1.57564E-05,3.121555781,16:20:58,98,280
1032,51.52332104,9.32203E-05,3.645667371,16:21:02,99,276
1033,51.5233033,0.000186437,3.502641431,16:21:06,98,271
1034,51.52328473,0.00025897,3.206692908,16:21:11,99,276
1035,51.52327002,0.00034827,3.099926766,16:21:15,102,273
1036,51.52326549,0.000422588,2.7403135,16:21:20,104,272
1037,51.52325734,0.00051516,3.100323423,16:21:24,103,277
1038,51.52325392,0.000590577,3.610121797,16:21:27,99,279
1039,51.52325003,0.000663379,3.394551191,16:21:32,103,277
1040,51.52323538,0.00073536,3.80721273,16:21:36,108,277
1041,51.52322234,0.000819463,3.674297792,16:21:41,107,272
1042,51.52321258,0.000895048,2.99261911,16:21:45,108,272
1043,51.52320394,0.000978882,3.670532513,16:21:50,105,268
1044,51.52318792,0.001049232,3.494391608,16:21:54,102,269
1045,51.52315308,0.001104157,3.218762036,16:21:58,99,273
1046,51.52311861,0.001153856,3.652605074,16:22:02,102,269
1047,51.52308265,0.001203478,3.785577278,16:22:08,99,272
1048,51.52302091,0.001205624,3.144978061,16:22:12,98,276
1049,51.52296952,0.001198116,2.657647886,16:22:15,93,274
1050,51.52292088,0.001168697,1.658481319,16:22:19,95,276
1051,51.522875,0.001135216,1.8624436,16:22:24,95,278
1052,51.52282603,0.001121526,2.817119585,16:22:28,98,279
1053,51.52277209,0.001110588,3.567978446,16:22:33,99,280
1054,51.52271763,0.00108158,3.469179736,16:22:37,97,276
1055,51.52266747,0.001065459,3.531833904,16:22:43,102,272
1056,51.52261154,0.001040403,3.4894519,16:22:49,98,276
1057,51.52256268,0.001022289,3.006917515,16:22:54,96,273
1058,51.52251107,0.001031189,3.210496522,16:23:00,92,268
1059,51.52246565,0.001033717,2.948082559,16:23:09,90,273
1060,51.52242378,0.000995814,2.561396939,16:23:14,90,272
1061,51.52237998,0.000965182,2.756620726,16:23:18,94,269
1062,51.52233114,0.000947489,1.99365622,16:23:23,94,274
1063,51.52227681,0.000932662,2.145465232,16:23:29,97,274
1064,51.52223151,0.00093288,2.372517067,16:23:34,93,279
1065,51.52217551,0.000910219,2.212001204,16:23:38,97,280
1066,51.52212429,0.000887427,2.934348445,16:23:43,93,279
1067,51.52208134,0.000858174,3.787975831,16:23:46,96,276
1068,51.52203537,0.000836584,3.854338999,16:23:50,93,279
1069,51.52198928,0.0008223,4.107068006,16:23:54,89,280
1070,51.52194446,0.000812421,3.273803391,16:23:59,94,278
1071,51.52189897,0.000794397,3.848100339,16:24:03,91,278
1072,51.52184915,0.000765524,4.128343135,16:24:07,94,276
1073,51.52180067,0.000748998,4.925283047,16:24:11,89,275
1074,51.52175625,0.000729229,4.661507808,16:24:15,85,279
1075,51.52170751,0.000716013,4.909465142,16:24:19,86,280
1076,51.52166458,0.000692469,5.057128379,16:24:23,90,275
1077,51.52161855,0.000683026,4.233861493,16:24:27,93,271
1078,51.52157111,0.000661818,4.297822885,16:24:31,98,271
1079,51.52152498,0.000651495,3.966813717,16:24:36,99,270
1080,51.5214799,0.00063265,3.930713855,16:24:40,94,268
1081,51.5214268,0.000626641,3.842350599,16:24:46,95,264
1082,51.52137254,0.000625345,3.023991529,16:24:51,95,261
1083,51.52131927,0.000615846,3.471762903,16:24:56,99,263
1084,51.52128035,0.00066129,3.103733037,16:25:01,94,267
1085,51.52127389,0.000740292,3.352424274,16:25:07,92,265
1086,51.52127465,0.00066629,2.89177742,16:25:23,92,263
1087,51.52128504,0.000544584,3.011477601,16:25:27,94,264
1088,51.52129424,0.000468957,3.408436972,16:25:29,95,266
1089,51.52129905,0.000387689,2.408116231,16:25:33,98,268
1090,51.52130705,0.000315617,2.654249364,16:25:38,103,268
1091,51.52132634,0.00024901,2.506117453,16:25:43,99,264
1092,51.52134268,0.000168639,3.574695901,16:25:48,101,269
1093,51.52134808,7.31869E-05,2.161171851,16:25:54,104,273
1094,51.52136339,-6.82E-06,2.6114669,16:25:59,108,273
1095,51.52137949,-8.06E-05,2.875772912,16:26:04,109,278
1096,51.52138827,-0.00017264,3.030096435,16:26:08,111,280
1097,51.52139349,-0.000248206,2.392461684,16:26:12,114,276
1098,51.5214105,-0.000315616,2.616398347,16:26:16,118,278
1099,51.521428,-0.000394687,2.473746554,16:26:21,117,280
1100,51.52146314,-0.000456382,2.759056155,16:26:26,116,280
1101,51.52144837,-0.000546791,3.347012688,16:26:29,120,280
1102,51.52144864,-0.000626643,3.339815821,16:26:33,120,280
1103,51.52145352,-0.000715583,3.66870911,16:26:37,120,279
1104,51.52145797,-0.000800972,4.134142926,16:26:41,118,276
1105,51.52147069,-0.000894984,4.237675741,16:26:46,117,271
1106,51.52148288,-0.000969984,4.046164433,16:26:50,120,275
1107,51.52151513,-0.001037097,3.488212933,16:26:55,120,279
1108,51.52152666,-0.001120177,4.142915606,16:27:15,120,279
1109,51.52154055,-0.001202008,3.150520335,16:27:22,120,278
1110,51.52153072,-0.001286809,3.237007302,16:27:28,120,275
1111,51.52152748,-0.001369665,3.787648235,16:27:32,115,270
1112,51.52151982,-0.001459369,4.026986127,16:27:36,115,271
1113,51.52151696,-0.001540275,4.208781748,16:27:40,120,272
1114,51.52146259,-0.001531579,4.391477444,16:27:50,120,276
1115,51.52140847,-0.001539333,4.203888614,16:27:55,120,271
1116,51.52136145,-0.001560618,3.738773896,16:28:00,120,267
1117,51.52131298,-0.001561223,4.04597507,16:28:04,119,266
1118,51.52126166,-0.001571127,4.473039843,16:28:08,120,261
1119,51.52121288,-0.001594058,4.333938517,16:28:12,119,257
1120,51.52116081,-0.001602801,4.123947065,16:28:16,117,262
1121,51.52111215,-0.001615678,4.137037112,16:28:20,120,257
1122,51.52106481,-0.001599908,4.150615018,16:28:23,115,257
1123,51.52101579,-0.001589965,4.007960811,16:28:27,112,255
1124,51.52096425,-0.001585646,4.752867321,16:28:32,113,253
1125,51.52090425,-0.001581442,4.381936216,16:28:37,113,258
1126,51.52085341,-0.001603556,4.662285027,16:28:42,111,263
1127,51.52080636,-0.0016128,3.774205547,16:28:46,110,266
1128,51.5207582,-0.001631979,4.119062152,16:28:51,112,269
1129,51.52071594,-0.001664346,4.218725893,16:28:56,107,271
1130,51.52067138,-0.001682723,4.879255665,16:29:00,106,271
1131,51.52062449,-0.001715453,4.832230053,16:29:04,107,270
1132,51.52058176,-0.001754857,5.353424811,16:29:30,112,265
1133,51.52053505,-0.001786816,5.469176607,16:29:34,112,268
1134,51.52050031,-0.001839231,5.631313954,16:29:39,108,269
1135,51.52046448,-0.001895684,5.482456433,16:29:43,111,266
1136,51.52044439,-0.00196531,5.653745327,16:29:48,110,267
1137,51.52041186,-0.002032229,6.275247293,16:29:55,107,266
1138,51.52036462,-0.002095058,6.398414657,16:29:58,109,271
1139,51.52034127,-0.002168772,6.806104962,16:30:05,104,275
1140,51.52030588,-0.00222752,6.431935674,16:30:10,101,276
1141,51.52027938,-0.002293562,7.030518138,16:30:15,106,274
1142,51.52025479,-0.002359327,7.725042566,16:30:19,105,270
1143,51.52022074,-0.002408568,7.045945176,16:30:26,103,269
1144,51.52020505,-0.002476781,7.504367848,16:30:33,107,264
1145,51.52018296,-0.002540257,7.305488006,16:30:38,107,265
1146,51.5201478,-0.002596965,7.374233558,16:30:43,104,261
1147,51.52011311,-0.002655132,6.882014368,16:30:48,103,266
1148,51.52008694,-0.00272112,7.188799812,16:30:53,102,266
1149,51.52005438,-0.00277864,7.3456623,16:30:58,97,261
1150,51.52001046,-0.002809569,6.409112187,16:31:03,98,256
1151,51.51996412,-0.002788164,5.515047763,16:31:09,97,260
1152,51.51994177,-0.002721748,6.325626147,16:31:14,94,262
1153,51.51991469,-0.002661303,6.754467523,16:31:19,93,263
1154,51.51988109,-0.002608972,7.130500154,16:31:23,89,264
1155,51.51984248,-0.002550465,7.467413329,16:31:29,86,265
1156,51.51980771,-0.002483079,7.400089172,16:31:34,81,260
1157,51.51977163,-0.002420701,7.131163093,16:31:39,86,264
1158,51.51973943,-0.002366961,6.867723592,16:31:45,82,266
1159,51.51971073,-0.00229185,6.902820422,16:31:52,87,266
1160,51.5196764,-0.002239478,6.575461414,16:31:55,91,268
1161,51.51963663,-0.002183725,5.996502851,16:31:59,87,263
1162,51.51959723,-0.00212878,6.134696606,16:32:04,90,264
1163,51.51955646,-0.002084383,6.689910469,16:32:09,91,267
1164,51.5195154,-0.002041588,6.331904816,16:32:14,88,266
1165,51.51947718,-0.001998504,6.64074,16:32:17,93,263
1166,51.5194394,-0.001952422,6.446634732,16:32:22,98,265
1167,51.51940379,-0.001902724,6.911448544,16:32:27,95,269
1168,51.51934494,-0.001848632,6.855304097,16:32:34,95,265
1169,51.51931027,-0.001802408,6.635335851,16:32:36,95,269
1170,51.51929939,-0.00172578,6.656573702,16:32:42,90,265
1171,51.51928247,-0.001649013,6.995499239,16:32:46,94,260
1172,51.51924503,-0.001594273,5.884917579,16:33:18,89,256
1173,51.51920357,-0.001635407,7.56385115,16:33:31,90,257
1174,51.51925316,-0.001636381,6.825917504,16:33:45,88,259
1175,51.51929644,-0.001610102,6.556665577,16:33:49,92,258
1176,51.51934023,-0.001577581,6.457543046,16:33:54,94,253
1177,51.51940432,-0.001523654,6.499365505,16:33:56,99,255
1178,51.5194457,-0.001487619,5.629957669,16:33:59,101,253
1179,51.51948475,-0.00143606,5.635574265,16:34:04,97,255
1180,51.51951376,-0.001380779,5.235794487,16:34:10,100,258
1181,51.51957286,-0.001307875,6.169134473,16:34:16,102,257
1182,51.5196183,-0.001266872,6.067589711,16:34:24,104,257
1183,51.51965038,-0.001212828,5.919082032,16:34:29,102,257
1184,51.51968792,-0.001159761,5.711585261,16:34:35,98,254
1185,51.51972357,-0.001110698,5.622791489,16:34:41,98,259
1186,51.51976773,-0.001049484,5.577368131,16:34:47,95,263
1187,51.51980119,-0.000999476,5.394667125,16:34:50,100,264
1188,51.51983393,-0.000949757,5.216138344,16:34:53,105,260
1189,51.51987093,-0.000893463,5.112739679,16:34:58,101,259
1190,51.51990883,-0.000835045,4.879364952,16:35:04,103,254
1191,51.51995137,-0.000782763,4.861282046,16:35:10,104,258
1192,51.51998328,-0.000727701,5.260542099,16:35:13,104,258
1193,51.52002984,-0.00070468,4.842611313,16:35:18,106,256
1194,51.52008045,-0.000676664,4.069352297,16:35:23,102,258
1195,51.52013081,-0.000648008,3.41572797,16:35:28,105,255
1196,51.52018051,-0.000622689,3.360444746,16:35:33,108,252
1197,51.52022632,-0.000608635,3.409125194,16:35:39,110,252
1198,51.52027896,-0.000587352,3.496275867,16:35:44,114,247
1199,51.52032025,-0.000550118,3.085471078,16:35:49,110,244
1200,51.52034652,-0.000488967,4.256366417,16:35:53,110,243
1201,51.5203839,-0.000409127,5.710156656,16:35:57,115,247
1202,51.52043877,-0.000379533,5.480219375,16:36:02,112,245
1203,51.52048879,-0.000384578,4.8985566,16:36:07,112,248
1204,51.52054208,-0.00037684,4.16266824,16:36:12,112,248
1205,51.52058885,-0.000368612,3.687249803,16:36:17,108,244
1206,51.52063707,-0.000344097,3.357432646,16:36:22,109,246
1207,51.52068821,-0.000296142,3.851938399,16:36:27,112,244
1208,51.52073808,-0.000287679,3.156619502,16:36:33,111,243
1209,51.52079462,-0.000278529,3.836504741,16:36:37,107,247
1210,51.52084269,-0.00025739,3.69864505,16:36:42,110,250
1211,51.52088985,-0.000258127,3.657158821,16:36:45,111,252
1212,51.5209383,-0.000233058,3.802664706,16:36:52,115,248
1213,51.52098643,-0.000204485,3.398641535,16:36:56,114,244
1214,51.52103209,-0.000177733,3.558169929,16:37:03,109,245
1215,51.52108328,-0.000148404,3.727328531,16:37:08,107,247
1216,51.52113366,-0.000119551,3.141919327,16:37:12,106,242
1217,51.52118723,-8.88E-05,3.029335874,16:37:18,101,240
1218,51.52123156,-5.66E-05,2.524923328,16:37:24,101,241
1219,51.52126977,3.1637E-06,2.743849555,16:37:27,97,240
1220,51.52128442,9.08727E-05,2.10022014,16:37:31,101,241
1221,51.52128372,0.000170883,1.978762153,16:37:34,96,246
1222,51.52126745,0.000252602,2.405230644,16:37:42,93,242
1223,51.52124279,0.000336513,2.476430835,16:37:45,89,241
1224,51.52123252,0.000423436,2.850311824,16:37:49,93,242
1225,51.52122396,0.000498111,2.538799298,16:37:54,91,244
1226,51.52121717,0.000578883,2.622208225,16:37:59,94,242
1227,51.52122066,0.000661929,2.86665748,16:38:03,95,240
1228,51.52121618,0.000744618,3.462972867,16:38:08,95,236
1229,51.52122854,0.000836401,4.414529455,16:38:13,99,238
1230,51.52123376,0.000916647,4.896359027,16:38:18,97,237
1231,51.52122995,0.000993353,3.55401639,16:38:24,94,232
1232,51.52123079,0.001081452,3.830469426,16:38:27,99,228
1233,51.52123484,0.001177361,3.558909437,16:38:31,99,224
1234,51.52121407,0.001251572,3.369952447,16:38:36,99,229
1235,51.52116943,0.001315904,3.723807661,16:38:41,100,226
1236,51.52113468,0.001373374,3.562520306,16:38:45,100,221
1237,51.52111695,0.001450629,3.134015343,16:38:51,105,216
1238,51.52110013,0.001537944,1.995054062,16:38:55,107,213
1239,51.52109488,0.001614237,1.471888501,16:39:01,108,208
1240,51.52108975,0.001695616,1.954802311,16:39:06,107,213
1241,51.52106823,0.001782241,1.81209077,16:39:11,106,217
1242,51.52104976,0.001853787,1.881855425,16:39:18,101,219
1243,51.52103089,0.001929949,1.525489693,16:39:23,106,224
1244,51.52101266,0.002007721,2.434430783,16:39:28,111,220
1245,51.52099088,0.002089745,2.593804218,16:39:33,116,225
1246,51.5209764,0.002170542,3.482757171,16:39:38,113,228
1247,51.52096165,0.002249955,3.630542166,16:39:43,110,229
1248,51.52093767,0.002337211,3.248790893,16:39:48,105,230
1249,51.52092114,0.002409172,3.182739885,16:39:52,107,234
1250,51.52090074,0.002484931,1.786072858,16:39:58,106,232
1251,51.52089128,0.002586909,2.762415305,16:40:04,102,232
1252,51.52089142,0.002663111,3.539170272,16:40:08,100,236
1253,51.52089434,0.002738221,3.182515235,16:40:11,103,231
1254,51.52088283,0.002824539,3.255874407,16:40:16,98,226
1255,51.52087516,0.002900412,2.727601307,16:40:20,97,224
1256,51.5208628,0.002979545,2.435669966,16:40:25,94,226
1257,51.52085207,0.003067418,2.216293295,16:40:30,99,225
1258,51.52084412,0.003153057,2.110743535,16:40:35,97,223
1259,51.52082713,0.003233794,1.972412664,16:40:41,102,224
1260,51.52081571,0.003324674,2.276011696,16:40:45,106,219
1261,51.5208043,0.003398879,2.295354629,16:40:50,102,221
1262,51.52079231,0.003474911,2.913748529,16:40:56,101,216
1263,51.52078068,0.003563376,2.557000493,16:41:01,102,211
1264,51.52074577,0.003639053,0.178182702,16:41:09,98,208
1265,51.52069907,0.003683518,1.215436186,16:41:13,102,211
1266,51.5206528,0.003711098,1.994493984,16:41:18,104,213
1267,51.5206008,0.003730205,2.87480691,16:41:23,105,218
1268,51.52054506,0.003761034,3.141666474,16:41:27,107,213
1269,51.52050295,0.003800098,2.489898157,16:41:36,107,218
1270,51.52048795,0.003877517,2.131796421,16:41:41,105,221
1271,51.52045347,0.00393464,2.204334048,16:41:46,100,226
1272,51.52040158,0.003942592,1.591601293,16:41:51,98,229
1273,51.52035161,0.003954645,1.957643048,16:41:56,99,229
1274,51.52030647,0.003998623,2.383676619,16:42:01,98,231
1275,51.52026074,0.004020795,3.204120901,16:42:05,102,233
1276,51.52021004,0.004008332,2.531577224,16:42:10,98,231
1277,51.52016387,0.004000574,2.126620535,16:42:14,93,228
1278,51.52011512,0.004004538,3.11805337,16:42:18,90,225
1279,51.52005977,0.004016549,2.356116616,16:42:24,93,224
1280,51.52001357,0.004023495,2.286698025,16:42:30,93,220
1281,51.51995631,0.004039354,2.055911099,16:42:35,89,220
1282,51.51989272,0.004070709,1.59496635,16:42:39,85,224
1283,51.51984506,0.004080468,1.481713451,16:42:46,88,228
1284,51.51980045,0.0040944,1.978221309,16:42:50,84,231
1285,51.51974853,0.004110485,1.82747247,16:42:55,86,228
1286,51.51969832,0.004116715,1.644254353,16:43:00,89,230
1287,51.51965334,0.004130821,1.386387045,16:43:05,89,229
1288,51.51960601,0.004138848,1.485295185,16:43:10,87,225
1289,51.5195559,0.004153628,0.877362672,16:43:15,87,230
1290,51.51950879,0.004160823,1.751199206,16:43:20,86,232
1291,51.51945929,0.004181003,2.046101131,16:43:25,86,233
1292,51.51941122,0.004186669,2.136829085,16:43:30,88,236
1293,51.51935967,0.004195644,2.68074874,16:43:35,83,239
1294,51.51931415,0.004201161,3.309591829,16:43:39,88,237
1295,51.51926653,0.004226517,3.483368799,16:43:44,89,235
1296,51.51921603,0.004232057,3.252637594,16:43:48,94,240
1297,51.51916792,0.004261538,2.656283681,16:43:52,94,237
1298,51.51911505,0.004288215,2.115835005,16:43:58,91,236
1299,51.51906098,0.004317284,2.329410618,16:44:03,87,237
1300,51.51900579,0.004325791,2.365090757,16:44:08,84,233
1301,51.51895265,0.004340353,2.5673871,16:44:13,80,234
1302,51.51890863,0.004357417,2.604864408,16:44:17,76,238
1303,51.51885813,0.004375749,3.145116378,16:44:22,79,233
1304,51.51880688,0.004380722,2.692076847,16:44:27,84,238
1305,51.51876022,0.004408659,2.234600513,16:44:32,81,238
1306,51.51870887,0.004428632,2.041572413,16:44:37,77,237
1307,51.51865927,0.004448869,1.871439917,16:44:42,72,235
1308,51.51861695,0.00448143,2.498425253,16:44:46,70,230
1309,51.51857359,0.004510022,1.88183991,16:44:50,72,229
1310,51.51851771,0.00452932,3.312056514,16:44:54,77,233
1311,51.51846599,0.004530111,3.535848321,16:44:58,82,237
1312,51.51841231,0.004536898,3.527870448,16:45:03,78,236
1313,51.51836535,0.004550539,4.438875683,16:45:08,81,238
1314,51.51831636,0.004578618,3.758687831,16:45:13,86,241
1315,51.51826489,0.004588729,2.8999794,16:45:18,88,239
1316,51.51821383,0.00459214,2.785292247,16:45:23,88,238
1317,51.51816727,0.004595431,2.812782578,16:45:28,91,242
1318,51.51812643,0.004632204,3.145970479,16:45:33,92,242
1319,51.51807753,0.004616786,2.071815129,16:45:39,96,237
1320,51.51802702,0.004634684,2.203801488,16:45:44,95,239
1321,51.51797963,0.004654665,2.146925874,16:45:50,96,238
1322,51.51793215,0.004677012,2.570944952,16:45:55,95,242
1323,51.51788582,0.004698836,2.002386762,16:46:00,98,237
1324,51.51783537,0.004721272,2.066510684,16:46:05,95,240
1325,51.51778167,0.004741913,2.05174439,16:46:10,100,242
1326,51.51772738,0.004761828,2.892590136,16:46:17,99,237
1327,51.5176823,0.004809987,2.903322764,16:46:22,95,240
1328,51.51764082,0.004840476,2.753469362,16:46:26,98,241
1329,51.51760122,0.004884427,2.877854739,16:46:31,97,243
1330,51.51755747,0.004912026,2.930273969,16:46:35,97,246
1331,51.51751007,0.004938729,2.093471981,16:46:40,101,246
1332,51.51746603,0.004970062,2.45363012,16:46:46,98,249
1333,51.51741539,0.004990226,2.886993684,16:46:52,95,251
1334,51.51736522,0.005008366,3.32070135,16:46:58,91,253
1335,51.51732135,0.005036956,2.922603464,16:47:05,91,249
1336,51.51726016,0.005039632,3.259082277,16:47:10,89,252
1337,51.51721674,0.005066857,2.636082606,16:47:15,88,254
1338,51.51716105,0.005089132,2.719337898,16:47:21,88,255
1339,51.51710432,0.005121662,2.405902564,16:47:27,85,254
1340,51.51705527,0.005151473,2.69561558,16:47:33,83,251
1341,51.51701326,0.005182701,2.067121798,16:47:40,84,250
1342,51.51696655,0.005210519,2.618496091,16:47:45,81,245
1343,51.51690602,0.005252341,1.45997461,16:47:53,82,250
1344,51.51685305,0.00528902,2.531696572,16:47:57,79,248
1345,51.51680334,0.005323731,2.630872062,16:48:03,83,247
1346,51.51675478,0.005358119,2.112196503,16:48:07,78,242
1347,51.51670489,0.005393686,2.083079173,16:48:12,77,241
1348,51.5166495,0.005406333,2.029123898,16:48:17,80,243
1349,51.51660465,0.005452635,2.018973343,16:48:22,81,248
1350,51.51656884,0.005506399,2.446227837,16:48:26,83,244
1351,51.51652803,0.005556698,2.836840918,16:48:31,84,239
1352,51.51648075,0.005600839,2.361420444,16:48:36,88,236
1353,51.51643572,0.005641183,3.414347955,16:48:42,87,233
1354,51.51639343,0.00568421,3.355519749,16:48:48,90,237
1355,51.51634896,0.005725395,4.067031987,16:48:53,91,238
1356,51.51630216,0.005764942,3.531184657,16:48:58,88,236
1357,51.51625609,0.005780713,3.668785475,16:49:03,83,241
1358,51.51621285,0.005827741,3.272271451,16:49:09,81,246
1359,51.51616864,0.005856532,3.330485883,16:49:13,81,242
1360,51.51610762,0.005851182,3.7859383,16:49:19,83,247
1361,51.51605676,0.00586071,4.061744414,16:49:24,85,247
1362,51.51601197,0.005891769,3.696777107,16:49:29,81,245
1363,51.51597098,0.005928572,3.758820619,16:49:35,77,249
1364,51.51593008,0.005959598,3.964282895,16:49:40,74,246
1365,51.5158813,0.00599705,4.315858814,16:49:46,79,243
1366,51.51583189,0.006027037,4.643318135,16:49:52,80,243
1367,51.51578259,0.006049964,4.864425047,16:49:58,78,245
1368,51.51574449,0.006101102,5.180624015,16:50:12,74,246
1369,51.5157027,0.00613993,4.884801457,16:50:19,76,248
1370,51.51565983,0.006174923,4.010908623,16:50:25,76,253
1371,51.51560952,0.006208038,3.646063229,16:50:29,77,250
1372,51.51556141,0.006219812,3.967412038,16:50:32,78,246
1373,51.51550737,0.006240017,4.627028823,16:50:37,76,249
1374,51.5154778,0.006309499,5.509939079,16:50:44,73,250
1375,51.51546546,0.006380892,7.464949156,16:50:49,75,246
1376,51.51545614,0.006458502,6.243520215,16:50:55,78,249
1377,51.51546431,0.006555607,7.051343688,16:51:00,81,252
1378,51.51547148,0.006627395,6.876631443,16:51:04,84,251
1379,51.51547952,0.006709645,6.741858248,16:51:09,80,255
1380,51.51547806,0.006789603,7.408000582,16:51:13,77,257
1381,51.5154831,0.006874205,6.743067078,16:51:20,75,258
1382,51.51548587,0.006951628,6.086812267,16:51:25,79,262
1383,51.51550201,0.007036554,7.201641932,16:51:30,84,264
1384,51.51552241,0.007106006,7.36806464,16:51:35,87,266
1385,51.51555112,0.007167233,6.314769934,16:51:40,92,263
1386,51.51557119,0.007233245,6.614625842,16:51:45,95,263
1387,51.5155942,0.007295347,7.810217801,16:51:50,99,268
1388,51.51562646,0.007359013,6.942980259,16:51:57,96,270
1389,51.51566661,0.007403295,6.463623783,16:52:01,93,265
1390,51.51570879,0.007430356,4.735563302,16:52:07,96,265
1391,51.51575618,0.007436348,4.741695981,16:52:11,91,264
1392,51.51580574,0.007455599,4.235051488,16:52:18,88,260
1393,51.51585842,0.007464152,3.155593239,16:52:22,89,263
1394,51.51590819,0.007492423,4.202595399,16:52:27,88,261
1395,51.51593112,0.007556054,3.875574387,16:52:32,86,259
1396,51.51593286,0.007649809,3.897348026,16:52:39,86,264
1397,51.51592238,0.00773067,3.099852779,16:52:45,81,268
1398,51.51589401,0.007797206,2.3772071,16:52:50,80,267
1399,51.51586652,0.007863891,3.131893792,16:52:55,84,265
1400,51.5158856,0.007932345,3.958653213,16:53:06,82,264
1401,51.51591565,0.007989976,3.681295243,16:53:11,81,267
1402,51.51594144,0.008049282,3.873550169,16:53:16,86,271
1403,51.51596921,0.008111103,3.922333623,16:53:21,82,276
1404,51.51597175,0.008186523,4.092618378,16:53:27,87,280
1405,51.51592686,0.008243643,4.52478466,16:53:56,92,275
1406,51.51587431,0.008274983,4.700037208,16:53:59,88,280
1407,51.51583555,0.008238284,4.647262836,16:54:05,90,280
1408,51.51579161,0.008267839,2.720529354,16:54:27,93,280
1409,51.51577065,0.008335667,4.00589339,16:54:34,95,280
1410,51.51572239,0.008378509,5.660963711,16:54:49,93,277
1411,51.51564155,0.008392538,6.196633325,16:54:53,93,276
1412,51.51560042,0.008423153,6.218848675,16:54:55,88,280
1413,51.51557442,0.008486402,7.785729669,16:54:59,93,277
1414,51.51553917,0.008536086,7.462004695,16:55:04,96,280
1415,51.51549817,0.008593969,5.616563978,16:55:08,100,280
1416,51.51546313,0.008640801,5.584265145,16:55:12,104,280
1417,51.51543666,0.008700904,4.021510292,16:55:21,107,276
1418,51.51539679,0.008741325,4.567837751,16:55:26,106,280
1419,51.51534214,0.008772028,4.225557126,16:55:32,102,280
1420,51.51527432,0.008792855,2.873926043,16:55:39,102,276
1421,51.51522627,0.008796761,3.251890571,16:55:41,100,272
1422,51.51516722,0.008807632,3.162575356,16:55:45,98,267
1423,51.51512492,0.008835415,2.395336256,16:55:48,103,263
1424,51.51507206,0.008856631,2.518112647,16:55:52,98,267
1425,51.51502466,0.008871609,2.363643846,16:55:57,103,270
1426,51.51496924,0.00888146,2.534457257,16:56:01,98,273
1427,51.51491742,0.008879267,2.358694424,16:56:06,101,275
1428,51.51487345,0.008857784,2.273815484,16:56:10,105,273
1429,51.51483032,0.008816579,2.624344413,16:56:14,107,277
1430,51.51479788,0.008765656,2.998396209,16:56:18,107,272
1431,51.51476754,0.008702466,3.229638789,16:56:23,112,274
1432,51.5147693,0.008786608,3.284906484,16:56:32,113,271
1433,51.51476425,0.008872371,3.721591535,16:56:35,110,270
1434,51.51474894,0.008960808,2.47056495,16:56:45,115,268
1435,51.51469303,0.009008729,2.938346041,16:56:47,116,266
1436,51.51464216,0.009004003,2.596635271,16:56:52,113,265
1437,51.51459386,0.009018442,2.860517485,16:56:55,113,270
1438,51.5145503,0.00906308,3.528977049,16:57:01,108,267
1439,51.51452255,0.00912315,2.401179868,16:57:06,108,265
1440,51.51447302,0.009146639,2.427094238,16:57:10,103,261
1441,51.51442696,0.009198338,2.587364489,16:57:15,104,266
1442,51.51437882,0.009203483,2.06833994,16:57:18,102,267
1443,51.51433945,0.009239585,2.154665545,16:57:24,105,265
1444,51.51429425,0.009198808,3.162485994,16:57:32,107,265
1445,51.51426724,0.009117401,2.826801831,16:57:54,110,267
1446,51.51431375,0.009098982,3.020002879,16:57:59,113,263
1447,51.51437296,0.009098759,2.92752435,16:58:04,114,262
1448,51.51443765,0.00910948,3.169634701,16:58:09,109,258
1449,51.51448244,0.009134962,3.416207233,16:58:13,111,257
1450,51.51452105,0.009097485,2.88053103,16:58:17,108,258
1451,51.51456776,0.009075716,2.530210077,16:58:22,107,254
1452,51.51461722,0.009035235,2.721503618,16:58:27,103,250
1453,51.51465433,0.00896789,2.486151772,16:58:33,103,252
1454,51.51469461,0.008927076,2.633820893,16:58:38,105,254
1455,51.51473427,0.008879909,2.259518275,16:58:44,109,249
1456,51.51475048,0.008809355,2.85880457,16:58:47,111,244
1457,51.51479172,0.00874643,3.319249243,16:58:52,110,244
1458,51.51476525,0.008683024,3.271787657,16:59:10,114,239
1459,51.51474038,0.008616758,3.444431012,16:59:12,111,243
1460,51.51470282,0.008557495,3.164092341,16:59:19,111,245
1461,51.51465942,0.008508627,2.500575619,16:59:25,108,240
1462,51.51464844,0.008432109,3.64027639,16:59:30,112,244
1463,51.51460424,0.008379284,3.184006345,17:00:12,115,239
1464,51.51457857,0.008303355,3.100606087,17:00:15,120,242
1465,51.51463526,0.008257173,2.000682835,17:00:27,119,240
1466,51.51470163,0.008266353,1.573894847,17:00:30,117,244
1467,51.51474397,0.008303603,1.544115063,17:00:39,112,246
1468,51.51469832,0.008310334,3.172404979,17:00:54,111,249
1469,51.51459175,0.007862358,15.61457062,17:01:26,113,249
1470,51.51441069,0.007626123,3.695768383,17:01:46,110,249
1471,51.51439882,0.007836808,6.097002029,17:02:05,111,246
1472,51.51420378,0.008258604,4.657170296,17:02:30,113,249
1473,51.5142002,0.008167021,4.63266457,17:02:37,118,250
1474,51.51413738,0.008629055,3.111733688,17:02:44,120,246
1475,51.51411677,0.00952881,3.503792124,17:02:48,120,246
1476,51.51392401,0.008848275,3.108069816,17:02:50,120,243
1477,51.51385307,0.008698143,3.311900464,17:02:52,115,238
1478,51.51378482,0.008544566,3.856737012,17:02:54,115,235
1479,51.51372471,0.008463648,4.134846147,17:02:56,118,239
1480,51.5137021,0.008376182,3.757828082,17:02:58,120,243
1481,51.51368244,0.008283759,4.128170483,17:03:00,120,247
1482,51.51377408,0.008548227,3.809238222,17:03:12,119,244
1483,51.51370994,0.008209238,3.809238222,17:03:14,114,239
1484,51.51358936,0.008219449,4.022649711,17:03:19,116,238
1485,51.51288331,0.009016849,4.174126554,17:03:22,120,239
1486,51.51249343,0.009206585,4.024602223,17:03:24,120,236
1487,51.5120593,0.009232955,3.639512961,17:03:26,118,241
1488,51.5118072,0.009447087,1.938805556,17:03:28,120,237
1489,51.51153907,0.009660311,1.290766744,17:03:30,119,237
1490,51.51125878,0.010214874,-0.762498243,17:03:32,120,242
1491,51.51097697,0.010441541,-2.154150627,17:03:34,117,242
1492,51.50872317,0.011534166,3.912698986,17:03:45,116,246
1493,51.50854866,0.01163521,3.849406848,17:03:46,115,248
1494,51.50589508,-0.087323347,3.476096153,17:16:46,117,248
1495,51.505259,-0.089243442,4.737831593,17:16:52,113,249
1496,51.50522095,-0.089361672,4.487148046,17:16:58,112,245
1497,51.50518889,-0.08947354,4.620923042,17:17:10,116,247
1498,51.50515286,-0.089588411,4.527562618,17:17:16,114,246
1499,51.50522013,-0.089383172,3.531152487,17:17:24,113,247
1500,51.5052773,-0.089210724,3.12506783,17:17:26,112,248
